Representative,ReportDate,House,Party,TransactionDate,Ticker,Transaction,Range,District
Debbie Dingell,2023-12-14,Representatives,D,2023-12-05,MDT,Purchase,"$15,001-$50,000",
James French Hill,2023-12-13,Representatives,R,2023-11-22,PCH,Purchase,"$1,001-$15,000",
James French Hill,2023-12-13,Representatives,R,2023-11-22,MMM,Purchase,"$15,001-$50,000",
James French Hill,2023-12-13,Representatives,R,2023-11-22,MO,Sale,"$50,001-$100,000",
James French Hill,2023-12-13,Representatives,R,2023-11-22,PCH,Purchase,"$15,001-$50,000",
James French Hill,2023-12-13,Representatives,R,2023-11-22,V,Purchase,"$50,001-$100,000",
James French Hill,2023-12-13,Representatives,R,2023-11-22,INTC,Purchase,"$1,001-$15,000",
James French Hill,2023-12-13,Representatives,R,2023-11-22,WBD,Purchase,"$1,001-$15,000",
James French Hill,2023-12-13,Representatives,R,2023-11-22,MKL,Purchase,"$50,001-$100,000",
James French Hill,2023-12-13,Representatives,R,2023-11-22,PM,Sale,"$100,001-250,000",
James French Hill,2023-12-13,Representatives,R,2023-11-22,PCH,Purchase,"$1,001-$15,000",
James French Hill,2023-12-13,Representatives,R,2023-11-22,FIS,Purchase,"$15,001-$50,000",
Michael Patrick Guest,2023-12-11,Representatives,R,2023-11-13,UBER,Purchase,"$1,001-$15,000",
Michael Patrick Guest,2023-12-11,Representatives,R,2023-11-13,DT,Purchase,"$1,001-$15,000",
Michael Patrick Guest,2023-12-11,Representatives,R,2023-11-13,MEDP,Purchase,"$1,001-$15,000",
Michael Patrick Guest,2023-12-11,Representatives,R,2023-11-13,EVVTY,Purchase,"$1,001-$15,000",
Michael Patrick Guest,2023-12-11,Representatives,R,2023-11-13,ULTA,Purchase,"$1,001-$15,000",
Josh Gottheimer,2023-12-08,Representatives,D,2023-11-29,NOW,Purchase,"$1,001-$15,000",
Josh Gottheimer,2023-12-08,Representatives,D,2023-11-29,GOOGL,Sale,"$1,001-$15,000",
Josh Gottheimer,2023-12-08,Representatives,D,2023-11-28,TMO,Sale,"$1,001-$15,000",
Josh Gottheimer,2023-12-08,Representatives,D,2023-11-28,PANW,Purchase,"$1,001-$15,000",
Josh Gottheimer,2023-12-08,Representatives,D,2023-11-28,HCA,Sale,"$1,001-$15,000",
Josh Gottheimer,2023-12-08,Representatives,D,2023-11-27,PWR,Purchase,"$1,001-$15,000",
Josh Gottheimer,2023-12-08,Representatives,D,2023-11-27,ROK,Sale,"$1,001-$15,000",
Josh Gottheimer,2023-12-08,Representatives,D,2023-11-22,NOW,Purchase,"$1,001-$15,000",
Josh Gottheimer,2023-12-08,Representatives,D,2023-11-22,CRM,Sale,"$1,001-$15,000",
Josh Gottheimer,2023-12-08,Representatives,D,2023-11-20,CELH,Purchase,"$1,001-$15,000",
Josh Gottheimer,2023-12-08,Representatives,D,2023-11-20,MNST,Sale,"$1,001-$15,000",
Josh Gottheimer,2023-12-08,Representatives,D,2023-11-16,AZO,Sale,"$1,001-$15,000",
Josh Gottheimer,2023-12-08,Representatives,D,2023-11-16,MCK,Sale,"$1,001-$15,000",
Josh Gottheimer,2023-12-08,Representatives,D,2023-11-16,DASH,Purchase,"$1,001-$15,000",
Josh Gottheimer,2023-12-08,Representatives,D,2023-11-16,LLY,Purchase,"$1,001-$15,000",
Josh Gottheimer,2023-12-08,Representatives,D,2023-11-15,INTA,Purchase,"$1,001-$15,000",
Josh Gottheimer,2023-12-08,Representatives,D,2023-11-13,HCA,Sale,"$1,001-$15,000",
Josh Gottheimer,2023-12-08,Representatives,D,2023-11-13,EXAS,Sale,"$1,001-$15,000",
Josh Gottheimer,2023-12-08,Representatives,D,2023-11-13,REGN,Sale,"$1,001-$15,000",
Josh Gottheimer,2023-12-08,Representatives,D,2023-11-13,LLY,Purchase,"$1,001-$15,000",
Josh Gottheimer,2023-12-08,Representatives,D,2023-11-10,GOOG,Sale,"$1,001-$15,000",
Josh Gottheimer,2023-12-08,Representatives,D,2023-11-09,MNST,Sale,"$1,001-$15,000",
Josh Gottheimer,2023-12-08,Representatives,D,2023-11-09,ASML,Sale,"$1,001-$15,000",
Josh Gottheimer,2023-12-08,Representatives,D,2023-11-08,ABBV,Sale,"$1,001-$15,000",
Josh Gottheimer,2023-12-08,Representatives,D,2023-11-08,NOW,Purchase,"$1,001-$15,000",
Josh Gottheimer,2023-12-08,Representatives,D,2023-11-08,ADBE,Purchase,"$1,001-$15,000",
Josh Gottheimer,2023-12-08,Representatives,D,2023-11-08,CRM,Sale,"$1,001-$15,000",
Josh Gottheimer,2023-12-08,Representatives,D,2023-11-02,CELH,Purchase,"$1,001-$15,000",
Josh Gottheimer,2023-12-08,Representatives,D,2023-11-01,ANET,Purchase,"$1,001-$15,000",
Carol Devine Miller,2023-12-07,Representatives,R,2023-11-30,IGSB,Purchase,"$1,001-$15,000",
Carol Devine Miller,2023-12-07,Representatives,R,2023-11-28,CORP,Sale,"$1,001-$15,000",
Kevin Hern,2023-12-07,Representatives,R,2023-11-15,MMC,Purchase,"$1,001-$15,000",
Kevin Hern,2023-12-07,Representatives,R,2023-11-15,ACN,Purchase,"$1,001-$15,000",
Kevin Hern,2023-12-07,Representatives,R,2023-11-14,OKE,Purchase,"$1,001-$15,000",
Kevin Hern,2023-12-07,Representatives,R,2023-11-14,OKE,Purchase,"$1,001-$15,000",
Kevin Hern,2023-12-07,Representatives,R,2023-11-14,TXN,Purchase,"$1,001-$15,000",
Carol Devine Miller,2023-12-07,Representatives,R,2023-11-03,EOG,Purchase,"$15,001-$50,000",
Carol Devine Miller,2023-12-07,Representatives,R,2023-11-03,UNP,Sale,"$15,001-$50,000",
Virginia Foxx,2023-12-05,Representatives,R,2023-11-29,CRT,Purchase,"$1,001-$15,000",
Virginia Foxx,2023-12-05,Representatives,R,2023-11-28,AAIC$B,Purchase,"$1,001-$15,000",
Virginia Foxx,2023-12-05,Representatives,R,2023-11-28,FLNG,Purchase,"$1,001-$15,000",
Virginia Foxx,2023-12-05,Representatives,R,2023-11-28,CRT,Purchase,"$1,001-$15,000",
Virginia Foxx,2023-12-05,Representatives,R,2023-11-15,ARLP,Purchase,"$1,001-$15,000",
Virginia Foxx,2023-12-05,Representatives,R,2023-11-10,USDP,Sale,"$1,001-$15,000",
Virginia Foxx,2023-12-05,Representatives,R,2023-11-02,T$A,Purchase,"$1,001-$15,000",
Jonathan Jackson,2023-12-04,Representatives, ,2023-11-16,CHX,Sale,"$15,001-$50,000",
Jonathan Jackson,2023-12-04,Representatives, ,2023-11-16,ASML,Sale,"$15,001-$50,000",
Jonathan Jackson,2023-12-04,Representatives, ,2023-11-16,HON,Sale,"$50,001-$100,000",
Earl Blumenauer,2023-12-04,Representatives,D,2023-11-15,NWN,Purchase,"$1,001-$15,000",
Earl Blumenauer,2023-12-04,Representatives,D,2023-11-09,PYPL,Sale,"$1,001-$15,000",
Earl Blumenauer,2023-12-04,Representatives,D,2023-11-08,IP,Sale,"$1,001-$15,000",
Jonathan Jackson,2023-12-04,Representatives, ,2023-11-07,TMUS,Purchase,"$15,001-$50,000",
Michael Patrick Guest,2023-11-20,Representatives,R,2023-11-01,ANET,Purchase,"$1,001-$15,000",
Michael Patrick Guest,2023-11-20,Representatives,R,2023-10-27,INSW,Purchase,"$1,001-$15,000",
Michael Patrick Guest,2023-11-20,Representatives,R,2023-10-25,UEC,Purchase,"$1,001-$15,000",
Kevin Hern,2023-11-17,Representatives,R,2023-10-31,JPM,Purchase,"$1,001-$15,000",
Kevin Hern,2023-11-17,Representatives,R,2023-10-11,VOD,Sale,"$1,001-$15,000",
Kevin Hern,2023-11-17,Representatives,R,2023-10-11,CMP,Sale,"$1,001-$15,000",
Thomas H. Kean Jr.,2023-11-17,Representatives,R,2023-10-04,VMW,Sale,"$1,001-$15,000",
Jonathan Jackson,2023-11-16,Representatives, ,2023-10-30,HSY,Sale,"$15,001-$50,000",
Jonathan Jackson,2023-11-16,Representatives, ,2023-10-30,LULU,Purchase,"$15,001-$50,000",
Richard W. Allen,2023-11-16,Representatives,R,2023-10-13,ATVI,Sale,"$1,001-$15,000",
Richard W. Allen,2023-11-16,Representatives,R,2023-10-13,ATVI,Sale,"$15,001-$50,000",
Jonathan Jackson,2023-11-16,Representatives, ,2023-10-11,GPK,Sale,"$15,001-$50,000",
Jonathan Jackson,2023-11-16,Representatives, ,2023-10-11,MAR,Purchase,"$15,001-$50,000",
Richard W. Allen,2023-11-16,Representatives,R,2023-10-10,SCHW$D,Purchase,"$15,001-$50,000",
Morgan Mcgarvey,2023-11-16,Representatives,D,2023-10-05,SCHW,Purchase,"$1,001-$15,000",
Jonathan Jackson,2023-11-16,Representatives, ,2023-10-04,NEE,Sale,"$15,001-$50,000",
Gerald E. Connolly,2023-11-14,Representatives,D,2023-11-13,D,Sale,"$1,001-$15,000",
Gerald E. Connolly,2023-11-14,Representatives,D,2023-11-13,LDOS,Sale,"$15,001-$50,000",
Gerald E. Connolly,2023-11-14,Representatives,D,2023-11-13,SAIC,Sale,"$1,001-$15,000",
Greg Stanton,2023-11-13,Representatives, ,2023-10-24,TDY,Sale,"$1,001-$15,000",
Josh Gottheimer,2023-11-11,Representatives,D,2023-10-30,GWW,Purchase,"$1,001-$15,000",
Josh Gottheimer,2023-11-11,Representatives,D,2023-10-30,AAPL,Purchase,"$1,001-$15,000",
Josh Gottheimer,2023-11-11,Representatives,D,2023-10-30,EL,Sale,"$1,001-$15,000",
Josh Gottheimer,2023-11-11,Representatives,D,2023-10-30,SHW,Sale,"$1,001-$15,000",
Josh Gottheimer,2023-11-11,Representatives,D,2023-10-27,ALGN,Sale,"$1,001-$15,000",
Josh Gottheimer,2023-11-11,Representatives,D,2023-10-27,ALGM,Purchase,"$1,001-$15,000",
Josh Gottheimer,2023-11-11,Representatives,D,2023-10-27,HDB,Purchase,"$1,001-$15,000",
Josh Gottheimer,2023-11-11,Representatives,D,2023-10-27,ISRG,Sale,"$1,001-$15,000",
Josh Gottheimer,2023-11-11,Representatives,D,2023-10-27,ICFI,Sale,"$1,001-$15,000",
Josh Gottheimer,2023-11-11,Representatives,D,2023-10-27,PRIM,Sale,"$1,001-$15,000",
Josh Gottheimer,2023-11-11,Representatives,D,2023-10-27,ON,Purchase,"$1,001-$15,000",
Josh Gottheimer,2023-11-11,Representatives,D,2023-10-27,MSFT,Purchase,"$1,001-$15,000",
Josh Gottheimer,2023-11-11,Representatives,D,2023-10-27,ALG,Sale,"$1,001-$15,000",
Josh Gottheimer,2023-11-11,Representatives,D,2023-10-27,SGEN,Sale,"$1,001-$15,000",
Josh Gottheimer,2023-11-11,Representatives,D,2023-10-26,META,Sale,"$1,001-$15,000",
Josh Gottheimer,2023-11-11,Representatives,D,2023-10-25,GOOG,Sale,"$1,001-$15,000",
Josh Gottheimer,2023-11-11,Representatives,D,2023-10-18,SHYF,Sale,"$1,001-$15,000",
Josh Gottheimer,2023-11-11,Representatives,D,2023-10-16,VCYT,Purchase,"$1,001-$15,000",
Josh Gottheimer,2023-11-11,Representatives,D,2023-10-16,FSLR,Purchase,"$1,001-$15,000",
Josh Gottheimer,2023-11-11,Representatives,D,2023-10-16,FANUY,Purchase,"$1,001-$15,000",
Josh Gottheimer,2023-11-11,Representatives,D,2023-10-16,SHYF,Purchase,"$1,001-$15,000",
Josh Gottheimer,2023-11-11,Representatives,D,2023-10-16,VZ,Purchase,"$1,001-$15,000",
Josh Gottheimer,2023-11-11,Representatives,D,2023-10-16,SLGN,Purchase,"$1,001-$15,000",
Josh Gottheimer,2023-11-11,Representatives,D,2023-10-16,RVLV,Purchase,"$1,001-$15,000",
Josh Gottheimer,2023-11-11,Representatives,D,2023-10-16,BCRX,Purchase,"$1,001-$15,000",
Josh Gottheimer,2023-11-11,Representatives,D,2023-10-16,SBUX,Purchase,"$1,001-$15,000",
Josh Gottheimer,2023-11-11,Representatives,D,2023-10-16,PNGAY,Purchase,"$1,001-$15,000",
Josh Gottheimer,2023-11-11,Representatives,D,2023-10-16,UTZ,Purchase,"$1,001-$15,000",
Josh Gottheimer,2023-11-11,Representatives,D,2023-10-16,ALGT,Purchase,"$1,001-$15,000",
Josh Gottheimer,2023-11-11,Representatives,D,2023-10-16,SHLS,Purchase,"$1,001-$15,000",
Josh Gottheimer,2023-11-11,Representatives,D,2023-10-16,SGIOY,Purchase,"$1,001-$15,000",
Josh Gottheimer,2023-11-11,Representatives,D,2023-10-16,ADYEY,Purchase,"$1,001-$15,000",
Josh Gottheimer,2023-11-11,Representatives,D,2023-10-16,NCLTY,Purchase,"$1,001-$15,000",
Josh Gottheimer,2023-11-11,Representatives,D,2023-10-16,ON,Purchase,"$1,001-$15,000",
Josh Gottheimer,2023-11-11,Representatives,D,2023-10-16,PHR,Purchase,"$1,001-$15,000",
Josh Gottheimer,2023-11-11,Representatives,D,2023-10-16,TWKS,Purchase,"$1,001-$15,000",
Josh Gottheimer,2023-11-11,Representatives,D,2023-10-16,NVZMY,Purchase,"$1,001-$15,000",
Josh Gottheimer,2023-11-11,Representatives,D,2023-10-16,VIAV,Purchase,"$1,001-$15,000",
Josh Gottheimer,2023-11-11,Representatives,D,2023-10-16,EXAS,Purchase,"$1,001-$15,000",
Josh Gottheimer,2023-11-11,Representatives,D,2023-10-16,IART,Purchase,"$1,001-$15,000",
Josh Gottheimer,2023-11-11,Representatives,D,2023-10-16,FOXF,Purchase,"$1,001-$15,000",
Josh Gottheimer,2023-11-11,Representatives,D,2023-10-16,GMAB,Purchase,"$1,001-$15,000",
Josh Gottheimer,2023-11-11,Representatives,D,2023-10-16,DAVA,Purchase,"$1,001-$15,000",
Josh Gottheimer,2023-11-11,Representatives,D,2023-10-16,CCI,Purchase,"$1,001-$15,000",
Josh Gottheimer,2023-11-11,Representatives,D,2023-10-16,D,Purchase,"$1,001-$15,000",
Josh Gottheimer,2023-11-11,Representatives,D,2023-10-16,XNGSY,Purchase,"$1,001-$15,000",
Josh Gottheimer,2023-11-11,Representatives,D,2023-10-16,FIS,Purchase,"$1,001-$15,000",
Josh Gottheimer,2023-11-11,Representatives,D,2023-10-16,SMNNY,Purchase,"$1,001-$15,000",
Josh Gottheimer,2023-11-11,Representatives,D,2023-10-16,ANET,Purchase,"$1,001-$15,000",
Josh Gottheimer,2023-11-11,Representatives,D,2023-10-11,LOW,Sale,"$1,001-$15,000",
Josh Gottheimer,2023-11-11,Representatives,D,2023-10-11,UFPI,Sale,"$1,001-$15,000",
Josh Gottheimer,2023-11-11,Representatives,D,2023-10-11,TSLA,Sale,"$1,001-$15,000",
Josh Gottheimer,2023-11-11,Representatives,D,2023-10-11,DCO,Purchase,"$1,001-$15,000",
Josh Gottheimer,2023-11-11,Representatives,D,2023-10-11,LLY,Purchase,"$1,001-$15,000",
Josh Gottheimer,2023-11-11,Representatives,D,2023-10-11,MSFT,Sale,"$1,001-$15,000",
Josh Gottheimer,2023-11-11,Representatives,D,2023-10-11,GOOG,Sale,"$1,001-$15,000",
Josh Gottheimer,2023-11-11,Representatives,D,2023-10-09,JBL,Purchase,"$1,001-$15,000",
Greg Stanton,2023-11-09,Representatives, ,2023-10-24,ISRG,Sale,"$1,001-$15,000",
Greg Stanton,2023-11-09,Representatives, ,2023-10-24,VZ,Sale,"$1,001-$15,000",
Greg Stanton,2023-11-09,Representatives, ,2023-10-24,AMZN,Sale,"$1,001-$15,000",
Greg Stanton,2023-11-09,Representatives, ,2023-10-24,JNJ,Sale,"$1,001-$15,000",
Greg Stanton,2023-11-09,Representatives, ,2023-10-24,PM,Sale,"$1,001-$15,000",
Greg Stanton,2023-11-09,Representatives, ,2023-10-24,CMCSA,Sale,"$1,001-$15,000",
Greg Stanton,2023-11-09,Representatives, ,2023-10-24,CVX,Sale,"$1,001-$15,000",
Greg Stanton,2023-11-09,Representatives, ,2023-10-24,LRCX,Sale,"$1,001-$15,000",
Greg Stanton,2023-11-09,Representatives, ,2023-10-24,CB,Sale,"$1,001-$15,000",
Greg Stanton,2023-11-09,Representatives, ,2023-10-24,ADI,Sale,"$1,001-$15,000",
Greg Stanton,2023-11-09,Representatives, ,2023-10-24,WFC,Sale,"$1,001-$15,000",
Greg Stanton,2023-11-09,Representatives, ,2023-10-24,AVGO,Sale,"$1,001-$15,000",
Greg Stanton,2023-11-09,Representatives, ,2023-10-24,PEP,Sale,"$1,001-$15,000",
Greg Stanton,2023-11-09,Representatives, ,2023-10-24,GILD,Sale,"$1,001-$15,000",
Greg Stanton,2023-11-09,Representatives, ,2023-10-24,COP,Sale,"$1,001-$15,000",
Greg Stanton,2023-11-09,Representatives, ,2023-10-24,ABT,Sale,"$1,001-$15,000",
Greg Stanton,2023-11-09,Representatives, ,2023-10-24,PG,Sale,"$1,001-$15,000",
Greg Stanton,2023-11-09,Representatives, ,2023-10-24,BMY,Sale,"$1,001-$15,000",
Greg Stanton,2023-11-09,Representatives, ,2023-10-24,HWM,Sale,"$1,001-$15,000",
Greg Stanton,2023-11-09,Representatives, ,2023-10-24,BLK,Sale,"$1,001-$15,000",
Greg Stanton,2023-11-09,Representatives, ,2023-10-24,DE,Sale,"$1,001-$15,000",
Greg Stanton,2023-11-09,Representatives, ,2023-10-24,NEE,Sale,"$1,001-$15,000",
Greg Stanton,2023-11-09,Representatives, ,2023-10-24,NOW,Sale,"$1,001-$15,000",
Greg Stanton,2023-11-09,Representatives, ,2023-10-24,CSCO,Sale,"$1,001-$15,000",
Greg Stanton,2023-11-09,Representatives, ,2023-10-24,PGR,Sale,"$1,001-$15,000",
Greg Stanton,2023-11-09,Representatives, ,2023-10-24,COST,Sale,"$1,001-$15,000",
Greg Stanton,2023-11-09,Representatives, ,2023-10-24,PANW,Sale,"$1,001-$15,000",
Greg Stanton,2023-11-09,Representatives, ,2023-10-24,ORCL,Sale,"$1,001-$15,000",
Greg Stanton,2023-11-09,Representatives, ,2023-10-24,ELV,Sale,"$1,001-$15,000",
Greg Stanton,2023-11-09,Representatives, ,2023-10-24,META,Sale,"$1,001-$15,000",
Greg Stanton,2023-11-09,Representatives, ,2023-10-24,MDLZ,Sale,"$1,001-$15,000",
Greg Stanton,2023-11-09,Representatives, ,2023-10-24,CAT,Sale,"$1,001-$15,000",
Greg Stanton,2023-11-09,Representatives, ,2023-10-24,JPM,Sale,"$1,001-$15,000",
Greg Stanton,2023-11-09,Representatives, ,2023-10-24,MDT,Sale,"$1,001-$15,000",
Greg Stanton,2023-11-09,Representatives, ,2023-10-24,INTU,Sale,"$1,001-$15,000",
Greg Stanton,2023-11-09,Representatives, ,2023-10-24,LLY,Sale,"$1,001-$15,000",
Greg Stanton,2023-11-09,Representatives, ,2023-10-24,LOW,Sale,"$1,001-$15,000",
Greg Stanton,2023-11-09,Representatives, ,2023-10-24,BDX,Sale,"$1,001-$15,000",
Greg Stanton,2023-11-09,Representatives, ,2023-10-24,GOOG,Sale,"$1,001-$15,000",
Greg Stanton,2023-11-09,Representatives, ,2023-10-24,MCD,Sale,"$1,001-$15,000",
Greg Stanton,2023-11-09,Representatives, ,2023-10-24,AMGN,Sale,"$1,001-$15,000",
Greg Stanton,2023-11-09,Representatives, ,2023-10-24,ABBV,Sale,"$1,001-$15,000",
Greg Stanton,2023-11-09,Representatives, ,2023-10-24,KO,Sale,"$1,001-$15,000",
Greg Stanton,2023-11-09,Representatives, ,2023-10-24,NFLX,Sale,"$1,001-$15,000",
Greg Stanton,2023-11-09,Representatives, ,2023-10-24,QCOM,Sale,"$1,001-$15,000",
Greg Stanton,2023-11-09,Representatives, ,2023-10-24,MA,Sale,"$1,001-$15,000",
Greg Stanton,2023-11-09,Representatives, ,2023-10-24,BRK.B,Sale,"$1,001-$15,000",
Greg Stanton,2023-11-09,Representatives, ,2023-10-24,MRK,Sale,"$1,001-$15,000",
Greg Stanton,2023-11-09,Representatives, ,2023-10-24,AMD,Sale,"$1,001-$15,000",
Greg Stanton,2023-11-09,Representatives, ,2023-10-24,AXON,Sale,"$1,001-$15,000",
Greg Stanton,2023-11-09,Representatives, ,2023-10-24,PH,Sale,"$1,001-$15,000",
Greg Stanton,2023-11-09,Representatives, ,2023-10-24,MMC,Sale,"$1,001-$15,000",
Greg Stanton,2023-11-09,Representatives, ,2023-10-24,T,Sale,"$1,001-$15,000",
Greg Stanton,2023-11-09,Representatives, ,2023-10-24,ZTS,Sale,"$1,001-$15,000",
Greg Stanton,2023-11-09,Representatives, ,2023-10-24,DIS,Sale,"$1,001-$15,000",
Greg Stanton,2023-11-09,Representatives, ,2023-10-24,BALL,Sale,"$1,001-$15,000",
Greg Stanton,2023-11-09,Representatives, ,2023-10-24,V,Sale,"$1,001-$15,000",
Greg Stanton,2023-11-09,Representatives, ,2023-10-24,WMT,Sale,"$1,001-$15,000",
Greg Stanton,2023-11-09,Representatives, ,2023-10-24,VRTX,Sale,"$1,001-$15,000",
Greg Stanton,2023-11-09,Representatives, ,2023-10-24,GS,Sale,"$1,001-$15,000",
Greg Stanton,2023-11-09,Representatives, ,2023-10-24,ADBE,Sale,"$1,001-$15,000",
Greg Stanton,2023-11-09,Representatives, ,2023-10-24,UNH,Sale,"$1,001-$15,000",
Greg Stanton,2023-11-09,Representatives, ,2023-10-24,AMAT,Sale,"$1,001-$15,000",
Greg Stanton,2023-11-09,Representatives, ,2023-10-24,AXP,Sale,"$1,001-$15,000",
Greg Stanton,2023-11-09,Representatives, ,2023-10-24,NKE,Sale,"$1,001-$15,000",
Greg Stanton,2023-11-09,Representatives, ,2023-10-24,J,Sale,"$1,001-$15,000",
Greg Stanton,2023-11-09,Representatives, ,2023-10-24,XOM,Sale,"$1,001-$15,000",
Greg Stanton,2023-11-09,Representatives, ,2023-10-24,TMUS,Sale,"$1,001-$15,000",
Greg Stanton,2023-11-09,Representatives, ,2023-10-24,TJX,Sale,"$1,001-$15,000",
Greg Stanton,2023-11-09,Representatives, ,2023-10-24,UNP,Sale,"$1,001-$15,000",
Greg Stanton,2023-11-09,Representatives, ,2023-10-24,UPS,Sale,"$1,001-$15,000",
Greg Stanton,2023-11-09,Representatives, ,2023-10-24,DHR,Sale,"$1,001-$15,000",
Greg Stanton,2023-11-09,Representatives, ,2023-10-24,MSFT,Sale,"$15,001-$50,000",
Greg Stanton,2023-11-09,Representatives, ,2023-10-24,CRM,Sale,"$1,001-$15,000",
Greg Stanton,2023-11-09,Representatives, ,2023-10-24,LIN,Sale,"$1,001-$15,000",
Greg Stanton,2023-11-09,Representatives, ,2023-10-24,NVDA,Sale,"$1,001-$15,000",
Greg Stanton,2023-11-09,Representatives, ,2023-10-24,TXN,Sale,"$1,001-$15,000",
Greg Stanton,2023-11-09,Representatives, ,2023-10-24,TMO,Sale,"$1,001-$15,000",
Greg Stanton,2023-11-09,Representatives, ,2023-10-24,SYK,Sale,"$1,001-$15,000",
Greg Stanton,2023-11-09,Representatives, ,2023-10-24,GOOGL,Sale,"$1,001-$15,000",
Greg Stanton,2023-11-09,Representatives, ,2023-10-24,SBUX,Sale,"$1,001-$15,000",
Greg Stanton,2023-11-09,Representatives, ,2023-10-24,BAC,Sale,"$1,001-$15,000",
Greg Stanton,2023-11-09,Representatives, ,2023-10-24,ACN,Sale,"$1,001-$15,000",
Greg Stanton,2023-11-09,Representatives, ,2023-10-24,AAPL,Sale,"$15,001-$50,000",
Greg Stanton,2023-11-09,Representatives, ,2023-10-24,TSLA,Sale,"$1,001-$15,000",
Greg Stanton,2023-11-09,Representatives, ,2023-10-24,PFE,Sale,"$1,001-$15,000",
Greg Stanton,2023-11-09,Representatives, ,2023-10-24,IBM,Sale,"$1,001-$15,000",
Greg Stanton,2023-11-09,Representatives, ,2023-10-24,PLD,Sale,"$1,001-$15,000",
Greg Stanton,2023-11-09,Representatives, ,2023-10-24,MS,Sale,"$1,001-$15,000",
Greg Stanton,2023-11-09,Representatives, ,2023-10-24,SPGI,Sale,"$1,001-$15,000",
Greg Stanton,2023-11-09,Representatives, ,2023-10-24,HD,Sale,"$1,001-$15,000",
Greg Stanton,2023-11-09,Representatives, ,2023-10-24,C,Sale,"$1,001-$15,000",
Greg Stanton,2023-11-09,Representatives, ,2023-10-24,INTC,Sale,"$1,001-$15,000",
Carol Devine Miller,2023-11-09,Representatives,R,2023-10-06,EMXC,Purchase,"$50,001-$100,000",
Carol Devine Miller,2023-11-09,Representatives,R,2023-10-06,EMXC,Purchase,"$15,001-$50,000",
Greg Stanton,2023-11-09,Representatives, ,2023-09-26,ISRG,Purchase,"$1,001-$15,000",
Greg Stanton,2023-11-09,Representatives, ,2023-09-26,PFE,Purchase,"$1,001-$15,000",
Greg Stanton,2023-11-09,Representatives, ,2023-09-26,INTU,Purchase,"$1,001-$15,000",
Greg Stanton,2023-11-09,Representatives, ,2023-09-26,MDLZ,Purchase,"$1,001-$15,000",
Greg Stanton,2023-11-09,Representatives, ,2023-09-26,COST,Purchase,"$1,001-$15,000",
Greg Stanton,2023-11-09,Representatives, ,2023-09-26,CB,Purchase,"$1,001-$15,000",
Greg Stanton,2023-11-09,Representatives, ,2023-09-26,CVX,Purchase,"$1,001-$15,000",
Greg Stanton,2023-11-09,Representatives, ,2023-09-26,NEE,Purchase,"$1,001-$15,000",
Greg Stanton,2023-11-09,Representatives, ,2023-09-26,CSCO,Purchase,"$1,001-$15,000",
Greg Stanton,2023-11-09,Representatives, ,2023-09-26,PLD,Purchase,"$1,001-$15,000",
Greg Stanton,2023-11-09,Representatives, ,2023-09-26,IBM,Purchase,"$1,001-$15,000",
Greg Stanton,2023-11-09,Representatives, ,2023-09-26,BMY,Purchase,"$1,001-$15,000",
Greg Stanton,2023-11-09,Representatives, ,2023-09-26,INTC,Purchase,"$1,001-$15,000",
Greg Stanton,2023-11-09,Representatives, ,2023-09-26,LOW,Purchase,"$1,001-$15,000",
Greg Stanton,2023-11-09,Representatives, ,2023-09-26,CRM,Purchase,"$1,001-$15,000",
Greg Stanton,2023-11-09,Representatives, ,2023-09-26,ACN,Purchase,"$1,001-$15,000",
Greg Stanton,2023-11-09,Representatives, ,2023-09-26,MDT,Purchase,"$1,001-$15,000",
Greg Stanton,2023-11-09,Representatives, ,2023-09-26,AVGO,Purchase,"$1,001-$15,000",
Greg Stanton,2023-11-09,Representatives, ,2023-09-26,COP,Purchase,"$1,001-$15,000",
Greg Stanton,2023-11-09,Representatives, ,2023-09-26,NKE,Purchase,"$1,001-$15,000",
Greg Stanton,2023-11-09,Representatives, ,2023-09-26,PH,Purchase,"$1,001-$15,000",
Greg Stanton,2023-11-09,Representatives, ,2023-09-26,PG,Purchase,"$1,001-$15,000",
Greg Stanton,2023-11-09,Representatives, ,2023-09-26,J,Purchase,"$1,001-$15,000",
Greg Stanton,2023-11-09,Representatives, ,2023-09-26,XOM,Purchase,"$1,001-$15,000",
Greg Stanton,2023-11-09,Representatives, ,2023-09-26,JNJ,Purchase,"$1,001-$15,000",
Greg Stanton,2023-11-09,Representatives, ,2023-09-26,LIN,Purchase,"$1,001-$15,000",
Greg Stanton,2023-11-09,Representatives, ,2023-09-26,MS,Purchase,"$1,001-$15,000",
Greg Stanton,2023-11-09,Representatives, ,2023-09-26,MMC,Purchase,"$1,001-$15,000",
Greg Stanton,2023-11-09,Representatives, ,2023-09-26,HWM,Purchase,"$1,001-$15,000",
Greg Stanton,2023-11-09,Representatives, ,2023-09-26,MRK,Purchase,"$1,001-$15,000",
Greg Stanton,2023-11-09,Representatives, ,2023-09-26,CAT,Purchase,"$1,001-$15,000",
Greg Stanton,2023-11-09,Representatives, ,2023-09-26,HD,Purchase,"$1,001-$15,000",
Greg Stanton,2023-11-09,Representatives, ,2023-09-26,ORCL,Purchase,"$1,001-$15,000",
Greg Stanton,2023-11-09,Representatives, ,2023-09-26,PM,Purchase,"$1,001-$15,000",
Greg Stanton,2023-11-09,Representatives, ,2023-09-26,DHR,Purchase,"$1,001-$15,000",
Greg Stanton,2023-11-09,Representatives, ,2023-09-26,QCOM,Purchase,"$1,001-$15,000",
Greg Stanton,2023-11-09,Representatives, ,2023-09-26,KO,Purchase,"$1,001-$15,000",
Greg Stanton,2023-11-09,Representatives, ,2023-09-26,ELV,Purchase,"$1,001-$15,000",
Greg Stanton,2023-11-09,Representatives, ,2023-09-26,MCD,Purchase,"$1,001-$15,000",
Greg Stanton,2023-11-09,Representatives, ,2023-09-26,META,Purchase,"$1,001-$15,000",
Greg Stanton,2023-11-09,Representatives, ,2023-09-26,NVDA,Purchase,"$1,001-$15,000",
Greg Stanton,2023-11-09,Representatives, ,2023-09-26,BDX,Purchase,"$1,001-$15,000",
Greg Stanton,2023-11-09,Representatives, ,2023-09-26,GS,Purchase,"$1,001-$15,000",
Greg Stanton,2023-11-09,Representatives, ,2023-09-26,BRK.B,Purchase,"$1,001-$15,000",
Greg Stanton,2023-11-09,Representatives, ,2023-09-26,MMM,Purchase,"$1,001-$15,000",
Greg Stanton,2023-11-09,Representatives, ,2023-09-26,GILD,Purchase,"$1,001-$15,000",
Greg Stanton,2023-11-09,Representatives, ,2023-09-26,MSFT,Purchase,"$15,001-$50,000",
Greg Stanton,2023-11-09,Representatives, ,2023-09-26,AMGN,Purchase,"$1,001-$15,000",
Greg Stanton,2023-11-09,Representatives, ,2023-09-26,C,Purchase,"$1,001-$15,000",
Greg Stanton,2023-11-09,Representatives, ,2023-09-26,ABT,Purchase,"$1,001-$15,000",
Greg Stanton,2023-11-09,Representatives, ,2023-09-26,SPGI,Purchase,"$1,001-$15,000",
Greg Stanton,2023-11-09,Representatives, ,2023-09-26,BAC,Purchase,"$1,001-$15,000",
Greg Stanton,2023-11-09,Representatives, ,2023-09-26,ZTS,Purchase,"$1,001-$15,000",
Greg Stanton,2023-11-09,Representatives, ,2023-09-26,AXON,Purchase,"$1,001-$15,000",
Greg Stanton,2023-11-09,Representatives, ,2023-09-26,WFC,Purchase,"$1,001-$15,000",
Greg Stanton,2023-11-09,Representatives, ,2023-09-26,DIS,Purchase,"$1,001-$15,000",
Greg Stanton,2023-11-09,Representatives, ,2023-09-26,AMZN,Purchase,"$1,001-$15,000",
Greg Stanton,2023-11-09,Representatives, ,2023-09-26,V,Purchase,"$1,001-$15,000",
Greg Stanton,2023-11-09,Representatives, ,2023-09-26,BALL,Purchase,"$1,001-$15,000",
Greg Stanton,2023-11-09,Representatives, ,2023-09-26,WMT,Purchase,"$1,001-$15,000",
Greg Stanton,2023-11-09,Representatives, ,2023-09-26,LLY,Purchase,"$1,001-$15,000",
Greg Stanton,2023-11-09,Representatives, ,2023-09-26,AMAT,Purchase,"$1,001-$15,000",
Greg Stanton,2023-11-09,Representatives, ,2023-09-26,ABBV,Purchase,"$1,001-$15,000",
Greg Stanton,2023-11-09,Representatives, ,2023-09-26,T,Purchase,"$1,001-$15,000",
Greg Stanton,2023-11-09,Representatives, ,2023-09-26,VZ,Purchase,"$1,001-$15,000",
Greg Stanton,2023-11-09,Representatives, ,2023-09-26,BLK,Purchase,"$1,001-$15,000",
Greg Stanton,2023-11-09,Representatives, ,2023-09-26,UNH,Purchase,"$1,001-$15,000",
Greg Stanton,2023-11-09,Representatives, ,2023-09-26,GOOGL,Purchase,"$1,001-$15,000",
Greg Stanton,2023-11-09,Representatives, ,2023-09-26,TMUS,Purchase,"$1,001-$15,000",
Greg Stanton,2023-11-09,Representatives, ,2023-09-26,UNP,Purchase,"$1,001-$15,000",
Greg Stanton,2023-11-09,Representatives, ,2023-09-26,CMCSA,Purchase,"$1,001-$15,000",
Greg Stanton,2023-11-09,Representatives, ,2023-09-26,TMO,Purchase,"$1,001-$15,000",
Greg Stanton,2023-11-09,Representatives, ,2023-09-26,TJX,Purchase,"$1,001-$15,000",
Greg Stanton,2023-11-09,Representatives, ,2023-09-26,GOOG,Purchase,"$1,001-$15,000",
Greg Stanton,2023-11-09,Representatives, ,2023-09-26,JPM,Purchase,"$1,001-$15,000",
Greg Stanton,2023-11-09,Representatives, ,2023-09-26,LRCX,Purchase,"$1,001-$15,000",
Greg Stanton,2023-11-09,Representatives, ,2023-09-26,ADBE,Purchase,"$1,001-$15,000",
Greg Stanton,2023-11-09,Representatives, ,2023-09-26,ADI,Purchase,"$1,001-$15,000",
Greg Stanton,2023-11-09,Representatives, ,2023-09-26,MA,Purchase,"$1,001-$15,000",
Greg Stanton,2023-11-09,Representatives, ,2023-09-26,TXN,Purchase,"$1,001-$15,000",
Greg Stanton,2023-11-09,Representatives, ,2023-09-26,PEP,Purchase,"$1,001-$15,000",
Greg Stanton,2023-11-09,Representatives, ,2023-09-26,TSLA,Purchase,"$1,001-$15,000",
Greg Stanton,2023-11-09,Representatives, ,2023-09-26,AXP,Purchase,"$1,001-$15,000",
Greg Stanton,2023-11-09,Representatives, ,2023-09-26,UPS,Purchase,"$1,001-$15,000",
Greg Stanton,2023-11-09,Representatives, ,2023-09-26,TDY,Purchase,"$1,001-$15,000",
Greg Stanton,2023-11-09,Representatives, ,2023-09-26,AAPL,Purchase,"$15,001-$50,000",
Greg Stanton,2023-11-09,Representatives, ,2023-09-26,SYK,Purchase,"$1,001-$15,000",
Greg Stanton,2023-11-09,Representatives, ,2023-09-26,DE,Purchase,"$1,001-$15,000",
Greg Stanton,2023-11-09,Representatives, ,2023-09-26,AMD,Purchase,"$1,001-$15,000",
Greg Stanton,2023-11-09,Representatives, ,2023-09-26,NOW,Purchase,"$1,001-$15,000",
Greg Stanton,2023-11-09,Representatives, ,2023-09-26,SBUX,Purchase,"$1,001-$15,000",
Greg Stanton,2023-11-09,Representatives, ,2023-09-26,NFLX,Purchase,"$1,001-$15,000",
Greg Stanton,2023-11-09,Representatives, ,2023-09-26,PGR,Purchase,"$1,001-$15,000",
Maria Elvira Salazar,2023-11-08,Representatives,R,2023-10-24,NFE,Purchase,"$15,001-$50,000",
Maria Elvira Salazar,2023-11-08,Representatives,R,2023-10-24,NEP,Sale,"$15,001-$50,000",
Pete Sessions,2023-11-07,Representatives,R,2023-11-03,MPW,Sale,$257.49,
Pete Sessions,2023-11-07,Representatives,R,2023-11-02,BNS,Sale,"$1,001-$15,000",
Pete Sessions,2023-11-07,Representatives,R,2023-11-02,LOW,Sale,"$1,001-$15,000",
Pete Sessions,2023-11-07,Representatives,R,2023-11-01,MSFT,Sale,"$15,001-$50,000",
Pete Sessions,2023-11-07,Representatives,R,2023-11-01,WBD,Sale,$476.63,
Pete Sessions,2023-11-07,Representatives,R,2023-11-01,ARCC,Sale,"$1,001-$15,000",
Pete Sessions,2023-11-07,Representatives,R,2023-11-01,AAPL,Sale,"$1,001-$15,000",
Pete Sessions,2023-11-07,Representatives,R,2023-10-31,CCI,Sale,"$1,001-$15,000",
Pete Sessions,2023-11-07,Representatives,R,2023-10-31,LMT,Sale,"$100,001-250,000",
Pete Sessions,2023-11-07,Representatives,R,2023-10-31,T,Sale,"$15,001-$50,000",
Pete Sessions,2023-11-07,Representatives,R,2023-10-31,CMG,Sale,"$1,001-$15,000",
Pete Sessions,2023-11-07,Representatives,R,2023-10-31,VZ,Sale,"$1,001-$15,000",
Pete Sessions,2023-11-07,Representatives,R,2023-10-31,PG,Sale,"$100,001-250,000",
Pete Sessions,2023-11-07,Representatives,R,2023-10-31,CMG,Sale,"$15,001-$50,000",
Pete Sessions,2023-11-07,Representatives,R,2023-10-31,WBD,Sale,"$1,001-$15,000",
Pete Sessions,2023-11-07,Representatives,R,2023-10-31,BP,Sale,"$15,001-$50,000",
Pete Sessions,2023-11-07,Representatives,R,2023-10-31,BUI,Sale,"$250,001-$1,000,000",
Pete Sessions,2023-11-07,Representatives,R,2023-10-31,ET,Sale,"$15,001-$50,000",
Pete Sessions,2023-11-07,Representatives,R,2023-10-31,MCD,Sale,"$100,001-250,000",
Pete Sessions,2023-11-07,Representatives,R,2023-10-31,SNOW,Sale,"$15,001-$50,000",
Virginia Foxx,2023-11-07,Representatives,R,2023-10-25,HTGC,Purchase,"$1,001-$15,000",
Virginia Foxx,2023-11-07,Representatives,R,2023-10-23,HTGC,Purchase,"$1,001-$15,000",
Virginia Foxx,2023-11-07,Representatives,R,2023-10-20,HTGC,Purchase,"$1,001-$15,000",
Virginia Foxx,2023-11-07,Representatives,R,2023-10-11,MO,Purchase,"$1,001-$15,000",
Virginia Foxx,2023-11-07,Representatives,R,2023-10-03,PAA,Sale,"$15,001-$50,000",
Virginia Foxx,2023-11-07,Representatives,R,2023-10-03,HTGC,Purchase,"$1,001-$15,000",
Virginia Foxx,2023-11-07,Representatives,R,2023-10-02,FLNG,Purchase,"$1,001-$15,000",
Virginia Foxx,2023-11-07,Representatives,R,2023-10-02,CRT,Purchase,"$1,001-$15,000",
Katherine M. Clark,2023-11-06,Representatives,R,2023-10-09,KO,Sale,"$15,001-$50,000",
Lloyd Doggett,2023-11-06,Representatives,D,2023-10-02,KO,Purchase,"$1,001-$15,000",
Jonathan Jackson,2023-11-01,Representatives, ,2023-09-26,DTE,Sale,"$15,001-$50,000",
Jonathan Jackson,2023-11-01,Representatives, ,2023-09-19,CHX,Purchase,"$15,001-$50,000",
Jonathan Jackson,2023-11-01,Representatives, ,2023-09-19,NEE,Sale,"$15,001-$50,000",
Robert E. Latta,2023-10-21,Representatives,R,2023-10-20,FMBA,Purchase,"$1,001-$15,000",
Robert J. Wittman,2023-10-19,Representatives,R,2023-09-28,WMT,Sale,"$1,001-$15,000",
Robert J. Wittman,2023-10-19,Representatives,R,2023-09-28,ABBV,Sale,"$1,001-$15,000",
Robert J. Wittman,2023-10-19,Representatives,R,2023-09-28,GOOG,Sale,"$1,001-$15,000",
Robert J. Wittman,2023-10-19,Representatives,R,2023-09-28,CAT,Sale,"$1,001-$15,000",
Robert J. Wittman,2023-10-19,Representatives,R,2023-09-28,AMZN,Sale,"$1,001-$15,000",
Robert J. Wittman,2023-10-19,Representatives,R,2023-09-28,EOG,Sale,"$1,001-$15,000",
Robert J. Wittman,2023-10-19,Representatives,R,2023-09-28,UNH,Sale,"$1,001-$15,000",
Robert J. Wittman,2023-10-19,Representatives,R,2023-09-28,JPM,Sale,"$1,001-$15,000",
Robert J. Wittman,2023-10-19,Representatives,R,2023-09-28,MSFT,Sale,"$1,001-$15,000",
Robert J. Wittman,2023-10-19,Representatives,R,2023-09-28,KMI,Sale,"$1,001-$15,000",
Robert J. Wittman,2023-10-19,Representatives,R,2023-09-28,PLD,Sale,"$1,001-$15,000",
Robert J. Wittman,2023-10-19,Representatives,R,2023-09-28,AAPL,Sale,"$1,001-$15,000",
Robert J. Wittman,2023-10-19,Representatives,R,2023-09-28,HIG,Sale,"$1,001-$15,000",
Robert J. Wittman,2023-10-19,Representatives,R,2023-09-15,IFF,Sale,"$1,001-$15,000",
Robert J. Wittman,2023-10-19,Representatives,R,2023-09-15,FIS,Sale,"$1,001-$15,000",
Josh Gottheimer,2023-10-15,Representatives,D,2023-09-26,TGT,Sale,"$1,001-$15,000",
Josh Gottheimer,2023-10-15,Representatives,D,2023-09-26,AAPL,Sale,"$1,001-$15,000",
Josh Gottheimer,2023-10-15,Representatives,D,2023-09-26,NOC,Purchase,"$1,001-$15,000",
Josh Gottheimer,2023-10-15,Representatives,D,2023-09-22,AVGO,Purchase,"$1,001-$15,000",
Josh Gottheimer,2023-10-15,Representatives,D,2023-09-22,TSLA,Purchase,"$1,001-$15,000",
Josh Gottheimer,2023-10-15,Representatives,D,2023-09-22,MA,Purchase,"$1,001-$15,000",
Josh Gottheimer,2023-10-15,Representatives,D,2023-09-21,LLY,Purchase,"$1,001-$15,000",
Josh Gottheimer,2023-10-15,Representatives,D,2023-09-18,VBTX,Sale,"$1,001-$15,000",
Josh Gottheimer,2023-10-15,Representatives,D,2023-09-18,INTA,Purchase,"$1,001-$15,000",
Josh Gottheimer,2023-10-15,Representatives,D,2023-09-15,ARQT,Sale,"$1,001-$15,000",
Josh Gottheimer,2023-10-15,Representatives,D,2023-09-15,EXAS,Sale,"$1,001-$15,000",
Josh Gottheimer,2023-10-15,Representatives,D,2023-09-15,FIS,Sale,"$1,001-$15,000",
Josh Gottheimer,2023-10-15,Representatives,D,2023-09-15,FANUY,Sale,"$1,001-$15,000",
Josh Gottheimer,2023-10-15,Representatives,D,2023-09-15,SHLS,Sale,"$1,001-$15,000",
Josh Gottheimer,2023-10-15,Representatives,D,2023-09-15,SLGN,Sale,"$1,001-$15,000",
Josh Gottheimer,2023-10-15,Representatives,D,2023-09-15,CYRX,Sale,"$1,001-$15,000",
Josh Gottheimer,2023-10-15,Representatives,D,2023-09-15,CSPCY,Sale,"$1,001-$15,000",
Josh Gottheimer,2023-10-15,Representatives,D,2023-09-15,SBUX,Sale,"$1,001-$15,000",
Josh Gottheimer,2023-10-15,Representatives,D,2023-09-15,FSLR,Sale,"$1,001-$15,000",
Josh Gottheimer,2023-10-15,Representatives,D,2023-09-15,VCYT,Sale,"$1,001-$15,000",
Josh Gottheimer,2023-10-15,Representatives,D,2023-09-15,UTZ,Sale,"$1,001-$15,000",
Josh Gottheimer,2023-10-15,Representatives,D,2023-09-15,VBTX,Sale,"$1,001-$15,000",
Josh Gottheimer,2023-10-15,Representatives,D,2023-09-15,SMNNY,Sale,"$1,001-$15,000",
Josh Gottheimer,2023-10-15,Representatives,D,2023-09-15,SGIOY,Sale,"$1,001-$15,000",
Josh Gottheimer,2023-10-15,Representatives,D,2023-09-15,IART,Sale,"$1,001-$15,000",
Josh Gottheimer,2023-10-15,Representatives,D,2023-09-15,VZ,Sale,"$1,001-$15,000",
Josh Gottheimer,2023-10-15,Representatives,D,2023-09-15,ADYEY,Sale,"$1,001-$15,000",
Josh Gottheimer,2023-10-15,Representatives,D,2023-09-15,PNGAY,Sale,"$1,001-$15,000",
Josh Gottheimer,2023-10-15,Representatives,D,2023-09-15,AZTA,Sale,"$1,001-$15,000",
Josh Gottheimer,2023-10-15,Representatives,D,2023-09-15,XNGSY,Sale,"$1,001-$15,000",
Josh Gottheimer,2023-10-15,Representatives,D,2023-09-15,FOXF,Sale,"$1,001-$15,000",
Josh Gottheimer,2023-10-15,Representatives,D,2023-09-15,CCI,Sale,"$1,001-$15,000",
Josh Gottheimer,2023-10-15,Representatives,D,2023-09-15,D,Sale,"$15,001-$50,000",
Josh Gottheimer,2023-10-15,Representatives,D,2023-09-15,VIAV,Sale,"$1,001-$15,000",
Josh Gottheimer,2023-10-15,Representatives,D,2023-09-15,GMAB,Sale,"$1,001-$15,000",
Josh Gottheimer,2023-10-15,Representatives,D,2023-09-15,SHYF,Sale,"$1,001-$15,000",
Josh Gottheimer,2023-10-15,Representatives,D,2023-09-15,DAVA,Sale,"$1,001-$15,000",
Josh Gottheimer,2023-10-15,Representatives,D,2023-09-15,NVZMY,Sale,"$1,001-$15,000",
Josh Gottheimer,2023-10-15,Representatives,D,2023-09-15,PHR,Sale,"$1,001-$15,000",
Josh Gottheimer,2023-10-15,Representatives,D,2023-09-15,ALGT,Sale,"$1,001-$15,000",
Josh Gottheimer,2023-10-15,Representatives,D,2023-09-15,MRNA,Sale,"$1,001-$15,000",
Josh Gottheimer,2023-10-15,Representatives,D,2023-09-15,BCRX,Sale,"$1,001-$15,000",
Josh Gottheimer,2023-10-15,Representatives,D,2023-09-15,TWKS,Sale,"$1,001-$15,000",
Josh Gottheimer,2023-10-15,Representatives,D,2023-09-15,NCLTY,Sale,"$1,001-$15,000",
Josh Gottheimer,2023-10-15,Representatives,D,2023-09-15,GOOG,Purchase,"$1,001-$15,000",
Josh Gottheimer,2023-10-15,Representatives,D,2023-09-12,ATLKY,Sale,"$1,001-$15,000",
Josh Gottheimer,2023-10-15,Representatives,D,2023-09-12,LRLCY,Purchase,"$1,001-$15,000",
Josh Gottheimer,2023-10-15,Representatives,D,2023-09-12,DXCM,Sale,"$1,001-$15,000",
Josh Gottheimer,2023-10-15,Representatives,D,2023-09-12,LLY,Purchase,"$1,001-$15,000",
Josh Gottheimer,2023-10-15,Representatives,D,2023-09-12,FMX,Sale,"$1,001-$15,000",
Pete Sessions,2023-10-13,Representatives,R,2023-10-06,ARCC,Purchase,$569.25,
Pete Sessions,2023-10-13,Representatives,R,2023-10-06,WBD,Sale,$493.91,
Kevin Hern,2023-10-13,Representatives,R,2023-09-29,DVN,Purchase,"$15,001-$50,000",
Kevin Hern,2023-10-13,Representatives,R,2023-09-29,DVN,Purchase,"$1,001-$15,000",
Kevin Hern,2023-10-13,Representatives,R,2023-09-26,MMP,Exchange,"$50,001-$100,000",
Kevin Hern,2023-10-13,Representatives,R,2023-09-26,MMP,Exchange,"$500,001",
Kevin Hern,2023-10-13,Representatives,R,2023-09-25,WMB,Purchase,"$1,001-$15,000",
Kevin Hern,2023-10-13,Representatives,R,2023-09-25,MMP,Purchase,"$1,001-$15,000",
Kevin Hern,2023-10-13,Representatives,R,2023-09-21,PXD,Purchase,"$1,001-$15,000",
Kevin Hern,2023-10-13,Representatives,R,2023-09-19,UNH,Purchase,"$1,001-$15,000",
Kevin Hern,2023-10-13,Representatives,R,2023-09-19,LIN,Purchase,"$1,001-$15,000",
Kevin Hern,2023-10-13,Representatives,R,2023-09-15,NEE,Purchase,"$1,001-$15,000",
Kevin Hern,2023-10-13,Representatives,R,2023-09-14,HD,Purchase,"$1,001-$15,000",
Kevin Hern,2023-10-13,Representatives,R,2023-09-14,HD,Purchase,"$1,001-$15,000",
Kevin Hern,2023-10-13,Representatives,R,2023-09-11,ROK,Purchase,"$1,001-$15,000",
Jared Moskowitz,2023-10-12,Representatives, ,2023-09-27,TGT,Sale,"$1,001-$15,000",
Jared Moskowitz,2023-10-12,Representatives, ,2023-09-27,TGT,Sale,"$1,001-$15,000",
Jared Moskowitz,2023-10-12,Representatives, ,2023-09-27,CMI,Purchase,"$1,001-$15,000",
Jared Moskowitz,2023-10-12,Representatives, ,2023-09-27,CMI,Purchase,"$1,001-$15,000",
C. Scott Franklin,2023-10-12,Representatives,R,2023-09-11,UPS,Sale,"$15,001-$50,000",
C. Scott Franklin,2023-10-12,Representatives,R,2023-09-11,UNH,Sale,"$15,001-$50,000",
C. Scott Franklin,2023-10-12,Representatives,R,2023-09-11,PG,Sale,"$15,001-$50,000",
C. Scott Franklin,2023-10-12,Representatives,R,2023-09-11,SBUX,Sale,"$15,001-$50,000",
C. Scott Franklin,2023-10-12,Representatives,R,2023-09-11,V,Sale,"$15,001-$50,000",
C. Scott Franklin,2023-10-12,Representatives,R,2023-09-11,NEE,Sale,"$15,001-$50,000",
C. Scott Franklin,2023-10-12,Representatives,R,2023-09-11,PEP,Sale,"$15,001-$50,000",
C. Scott Franklin,2023-10-12,Representatives,R,2023-09-11,MSFT,Sale,"$15,001-$50,000",
C. Scott Franklin,2023-10-12,Representatives,R,2023-09-11,PFE,Sale,"$1,001-$15,000",
C. Scott Franklin,2023-10-12,Representatives,R,2023-09-11,WMT,Sale,"$15,001-$50,000",
C. Scott Franklin,2023-10-12,Representatives,R,2023-09-11,IJR,Sale,"$1,001-$15,000",
C. Scott Franklin,2023-10-12,Representatives,R,2023-09-11,QQQ,Sale,"$1,001-$15,000",
C. Scott Franklin,2023-10-12,Representatives,R,2023-09-11,JNJ,Sale,"$15,001-$50,000",
C. Scott Franklin,2023-10-12,Representatives,R,2023-09-11,HD,Sale,"$15,001-$50,000",
Rick Larsen,2023-10-11,Representatives, ,2023-10-04,MDLZ,Purchase,"$1,001-$15,000",
Rick Larsen,2023-10-11,Representatives, ,2023-10-04,MDLZ,Purchase,"$1,001-$15,000",
Susie Lee,2023-10-10,Representatives,D,2023-09-13,RCL,Sale,"$1,001-$15,000",
Max Miller,2023-10-08,Representatives, ,2023-10-06,JEPI,Sale,"$1,001-$15,000",
Max Miller,2023-10-08,Representatives, ,2023-10-06,VO,Sale,"$1,001-$15,000",
Max Miller,2023-10-08,Representatives, ,2023-10-06,VOO,Sale,"$15,001-$50,000",
Virginia Foxx,2023-10-06,Representatives,R,2023-09-22,AAM$A,Sale,"$15,001-$50,000",
Virginia Foxx,2023-10-06,Representatives,R,2023-09-21,HTGC,Purchase,"$1,001-$15,000",
Virginia Foxx,2023-10-06,Representatives,R,2023-09-21,VGR,Sale,"$50,001-$100,000",
Virginia Foxx,2023-10-06,Representatives,R,2023-09-19,DUK$A,Purchase,"$1,001-$15,000",
Virginia Foxx,2023-10-06,Representatives,R,2023-09-19,AAIC$B,Purchase,"$1,001-$15,000",
Virginia Foxx,2023-10-06,Representatives,R,2023-09-19,CRT,Purchase,"$1,001-$15,000",
Virginia Foxx,2023-10-06,Representatives,R,2023-09-18,GPP,Sale,"$15,001-$50,000",
Virginia Foxx,2023-10-06,Representatives,R,2023-09-18,VGR,Purchase,"$1,001-$15,000",
Lloyd Doggett,2023-10-05,Representatives,D,2023-09-14,HD,Purchase,"$1,001-$15,000",
Lloyd Doggett,2023-10-05,Representatives,D,2023-09-12,PPG,Purchase,"$1,001-$15,000",
Lloyd Doggett,2023-10-05,Representatives,D,2023-09-11,IBM,Purchase,"$1,001-$15,000",
John Curtis,2023-10-04,Representatives,R,2023-09-13,PANW,Purchase,"$1,001-$15,000",
John Curtis,2023-10-04,Representatives,R,2023-09-13,JNJ,Sale,"$1,001-$15,000",
John Curtis,2023-10-04,Representatives,R,2023-09-13,UNP,Sale,"$1,001-$15,000",
John Curtis,2023-10-04,Representatives,R,2023-09-13,WM,Sale,"$1,001-$15,000",
John Curtis,2023-10-04,Representatives,R,2023-09-13,EMR,Purchase,"$1,001-$15,000",
John Curtis,2023-10-04,Representatives,R,2023-09-13,ABT,Purchase,"$1,001-$15,000",
John Curtis,2023-10-04,Representatives,R,2023-09-13,ADBE,Sale,"$1,001-$15,000",
John Curtis,2023-10-04,Representatives,R,2023-09-13,LLY,Purchase,"$1,001-$15,000",
Michael C. Burgess,2023-10-03,Representatives,R,2023-09-25,BX,Sale,"$15,001-$50,000",
Michael C. Burgess,2023-10-03,Representatives,R,2023-09-15,MSFT,Sale,"$15,001-$50,000",
Michael C. Burgess,2023-10-03,Representatives,R,2023-09-13,MRK,Sale,"$1,001-$15,000",
William R. Keating,2023-09-28,Representatives,D,2023-09-21,CAT,Sale,$848.75,
Pete Sessions,2023-09-23,Representatives,R,2023-09-20,MSFT,Purchase,"$1,001-$15,000",
Pete Sessions,2023-09-23,Representatives,R,2023-09-12,NVDA,Purchase,"$1,001-$15,000",
Mark Warner,2023-09-12,Senate,D,2023-08-08,ROAD,Sale,"$250,001 - $500,000",
John Boozman,2023-09-07,Senate,R,2023-08-29,FEP,Sale,"$15,001 - $50,000",
John Boozman,2023-09-07,Senate,R,2023-08-29,BBEU,Purchase,"$15,001 - $50,000",
Thomas R. Carper,2023-09-05,Senate,D,2023-08-29,SWKS,Sale,"$1,001 - $15,000",
Thomas R. Carper,2023-09-05,Senate,D,2023-08-29,CRWD,Sale,"$1,001 - $15,000",
Thomas R. Carper,2023-09-05,Senate,D,2023-08-29,NEE,Purchase,"$1,001 - $15,000",
Thomas R. Carper,2023-09-05,Senate,D,2023-08-29,RMD,Purchase,"$1,001 - $15,000",
Thomas R. Carper,2023-09-05,Senate,D,2023-08-29,AQN,Sale,"$1,001 - $15,000",
Thomas R. Carper,2023-09-05,Senate,D,2023-08-29,INOD,Purchase,"$1,001 - $15,000",
Thomas R. Carper,2023-09-05,Senate,D,2023-08-25,NTLA,Sale,"$1,001 - $15,000",
Thomas R. Carper,2023-09-05,Senate,D,2023-08-23,PSQ,Purchase,"$1,001 - $15,000",
Thomas R. Carper,2023-09-05,Senate,D,2023-08-23,PSQ,Purchase,"$1,001 - $15,000",
Thomas R. Carper,2023-09-05,Senate,D,2023-08-23,PSQ,Purchase,"$1,001 - $15,000",
Thomas R. Carper,2023-09-05,Senate,D,2023-08-22,MPW,Sale,"$1,001 - $15,000",
Thomas R. Carper,2023-09-05,Senate,D,2023-08-22,ROK,Purchase,"$1,001 - $15,000",
Thomas R. Carper,2023-09-05,Senate,D,2023-08-18,PSQ,Sale,"$1,001 - $15,000",
Thomas R. Carper,2023-09-05,Senate,D,2023-08-18,PSQ,Sale,"$1,001 - $15,000",
Thomas R. Carper,2023-09-05,Senate,D,2023-08-16,JHEM,Sale,"$1,001 - $15,000",
Thomas R. Carper,2023-09-05,Senate,D,2023-08-16,XCEM,Purchase,"$1,001 - $15,000",
Thomas R. Carper,2023-09-05,Senate,D,2023-08-16,JHEM,Sale,"$1,001 - $15,000",
Thomas R. Carper,2023-09-05,Senate,D,2023-08-15,BAH,Sale,"$1,001 - $15,000",
Thomas R. Carper,2023-09-05,Senate,D,2023-08-10,RMBS,Sale,"$1,001 - $15,000",
Thomas R. Carper,2023-09-05,Senate,D,2023-08-10,SOFI,Purchase,"$1,001 - $15,000",
Thomas R. Carper,2023-09-05,Senate,D,2023-08-04,FTNT,Sale,"$1,001 - $15,000",
Tommy Tuberville,2023-08-14,Senate,R,2023-07-27,CCL,Sale,"$1,001 - $15,000",
Tommy Tuberville,2023-08-14,Senate,R,2023-07-25,MMM,Purchase,"$1,001 - $15,000",
Tommy Tuberville,2023-08-14,Senate,R,2023-07-25,CLF,Sale,"$1,001 - $15,000",
Tommy Tuberville,2023-08-14,Senate,R,2023-07-25,UAA,Purchase,"$1,001 - $15,000",
Tommy Tuberville,2023-08-14,Senate,R,2023-07-25,HUMA,Purchase,"$1,001 - $15,000",
Tommy Tuberville,2023-08-14,Senate,R,2023-07-25,FGBI,Purchase,"$1,001 - $15,000",
Tommy Tuberville,2023-08-14,Senate,R,2023-07-25,WBA,Purchase,"$1,001 - $15,000",
Tommy Tuberville,2023-08-14,Senate,R,2023-07-25,HUMA,Purchase,"$1,001 - $15,000",
Tommy Tuberville,2023-08-14,Senate,R,2023-07-25,KEY,Purchase,"$1,001 - $15,000",
Tommy Tuberville,2023-08-14,Senate,R,2023-07-25,HUMA,Purchase,"$1,001 - $15,000",
Tommy Tuberville,2023-08-14,Senate,R,2023-07-25,VZ,Purchase,"$1,001 - $15,000",
Tommy Tuberville,2023-08-14,Senate,R,2023-07-25,PFE,Purchase,"$1,001 - $15,000",
Tommy Tuberville,2023-08-14,Senate,R,2023-07-25,FGBI,Purchase,"$1,001 - $15,000",
Tommy Tuberville,2023-08-14,Senate,R,2023-07-24,PG,Sale,"$1,001 - $15,000",
Tommy Tuberville,2023-08-14,Senate,R,2023-07-24,CLF,Purchase,"$50,001 - $100,000",
Tommy Tuberville,2023-08-14,Senate,R,2023-07-19,TXN,Sale,"$1,001 - $15,000",
Tommy Tuberville,2023-08-14,Senate,R,2023-07-13,LPX,Sale,"$1,001 - $15,000",
Thomas R. Carper,2023-08-02,Senate,D,2023-07-28,PSQ,Purchase,"$1,001 - $15,000",
Thomas R. Carper,2023-08-02,Senate,D,2023-07-13,HDGE,Sale,"$15,001 - $50,000",
Thomas R. Carper,2023-08-02,Senate,D,2023-07-13,HDGE,Sale,"$1,001 - $15,000",
Thomas R. Carper,2023-08-02,Senate,D,2023-07-13,PSQ,Purchase,"$1,001 - $15,000",
Thomas R. Carper,2023-08-02,Senate,D,2023-07-10,VZ,Purchase,"$1,001 - $15,000",
Thomas R. Carper,2023-08-02,Senate,D,2023-07-10,FNF,Purchase,"$1,001 - $15,000",
Shelley Moore Capito,2023-07-17,Senate,R,2023-06-22,MSFT,Sale,"$1,001 - $15,000",
Shelley Moore Capito,2023-07-17,Senate,R,2023-06-14,NKE,Purchase,"$1,001 - $15,000",
Shelley Moore Capito,2023-07-17,Senate,R,2023-06-14,CLX,Sale,"$1,001 - $15,000",
Shelley Moore Capito,2023-07-17,Senate,R,2023-06-14,AAPL,Purchase,"$1,001 - $15,000",
Shelley Moore Capito,2023-07-17,Senate,R,2023-06-12,AMGN,Sale,"$1,001 - $15,000",
Shelley Moore Capito,2023-07-17,Senate,R,2023-06-12,MSFT,Sale,"$15,001 - $50,000",
Shelley Moore Capito,2023-07-17,Senate,R,2023-06-12,CB,Sale,"$1,001 - $15,000",
Shelley Moore Capito,2023-07-17,Senate,R,2023-06-07,WMT,Sale,"$1,001 - $15,000",
Tommy Tuberville,2023-07-14,Senate,R,2023-06-29,CLF,Sale,"$1,001 - $15,000",
Tommy Tuberville,2023-07-14,Senate,R,2023-06-20,CLF,Purchase,"$15,001 - $50,000",
Tommy Tuberville,2023-07-14,Senate,R,2023-06-20,MSFT,Sale,"$250,001 - $500,000",
Tommy Tuberville,2023-07-14,Senate,R,2023-06-20,X,Sale,"$50,001 - $100,000",
Tommy Tuberville,2023-07-14,Senate,R,2023-06-14,X,Sale,"$1,001 - $15,000",
Tommy Tuberville,2023-07-14,Senate,R,2023-06-14,X,Sale,"$15,001 - $50,000",
Tommy Tuberville,2023-07-14,Senate,R,2023-06-13,WBA,Purchase,"$15,001 - $50,000",
Tommy Tuberville,2023-07-14,Senate,R,2023-06-13,CCL,Sale,"$1,001 - $15,000",
Tommy Tuberville,2023-07-14,Senate,R,2023-06-13,CCL,Sale,"$1,001 - $15,000",
Tommy Tuberville,2023-07-14,Senate,R,2023-06-13,UAA,Purchase,"$1,001 - $15,000",
Tommy Tuberville,2023-07-14,Senate,R,2023-06-13,TSLA,Sale,"$1,001 - $15,000",
Tommy Tuberville,2023-07-14,Senate,R,2023-06-12,FGBI,Purchase,"$1,001 - $15,000",
Tommy Tuberville,2023-07-14,Senate,R,2023-06-12,CVX,Purchase,"$1,001 - $15,000",
Tommy Tuberville,2023-07-14,Senate,R,2023-06-12,FGBI,Purchase,"$1,001 - $15,000",
Tommy Tuberville,2023-07-14,Senate,R,2023-06-12,PFE,Purchase,"$1,001 - $15,000",
Tommy Tuberville,2023-07-14,Senate,R,2023-06-12,DVA,Sale,"$1,001 - $15,000",
Tommy Tuberville,2023-07-14,Senate,R,2023-06-12,FITB,Purchase,"$1,001 - $15,000",
Tommy Tuberville,2023-07-14,Senate,R,2023-06-12,KEY,Purchase,"$1,001 - $15,000",
Tommy Tuberville,2023-07-14,Senate,R,2023-06-12,CFG,Purchase,"$1,001 - $15,000",
Tommy Tuberville,2023-07-14,Senate,R,2023-06-12,WBA,Purchase,"$1,001 - $15,000",
Tommy Tuberville,2023-07-14,Senate,R,2023-06-09,COF,Sale,"$1,001 - $15,000",
Tommy Tuberville,2023-07-14,Senate,R,2023-06-08,QCOM,Purchase,"$1,001 - $15,000",
Tommy Tuberville,2023-07-14,Senate,R,2023-06-08,X,Sale,"$1,001 - $15,000",
Tommy Tuberville,2023-07-14,Senate,R,2023-06-06,QCOM,Purchase,"$50,001 - $100,000",
Tommy Tuberville,2023-07-14,Senate,R,2023-06-05,CVX,Sale,"$1,001 - $15,000",
Tommy Tuberville,2023-07-14,Senate,R,2023-06-05,QCOM,Sale,"$1,001 - $15,000",
Tommy Tuberville,2023-07-14,Senate,R,2023-06-02,QCOM,Purchase,"$100,001 - $250,000",
Tommy Tuberville,2023-07-14,Senate,R,2023-06-01,QCOM,Purchase,"$100,001 - $250,000",
Tommy Tuberville,2023-07-14,Senate,R,2023-06-01,CLF,Purchase,"$15,001 - $50,000",
Gary Peters,2023-06-30,Senate,D,2023-06-06,IFF,Purchase,"$1,001 - $15,000",
Thomas R. Carper,2023-06-30,Senate,D,2023-06-20,ETN,Sale,"$1,001 - $15,000",
Thomas R. Carper,2023-06-30,Senate,D,2023-06-20,TT,Purchase,"$1,001 - $15,000",
Thomas R. Carper,2023-06-30,Senate,D,2023-05-25,NVDA,Sale,"$1,001 - $15,000",
Thomas R. Carper,2023-06-30,Senate,D,2023-05-22,BAH,Purchase,"$1,001 - $15,000",
Thomas R. Carper,2023-06-30,Senate,D,2023-05-22,DIS,Sale,"$1,001 - $15,000",
Thomas R. Carper,2023-06-30,Senate,D,2023-05-22,NTLA,Purchase,"$1,001 - $15,000",
Thomas R. Carper,2023-06-30,Senate,D,2023-05-22,KEYS,Sale,"$1,001 - $15,000",
Thomas R. Carper,2023-06-30,Senate,D,2023-05-09,PYPL,Sale,"$1,001 - $15,000",
Angus King,2023-06-20,Senate,I,2023-05-19,MMM,Sale,"$1,001 - $15,000",
John Hickenlooper,2023-06-15,Senate,D,2023-06-09,SIRI,Sale,"$15,001 - $50,000",
John Hickenlooper,2023-06-15,Senate,D,2023-05-26,CMG,Sale,"$100,001 - $250,000",
John Hickenlooper,2023-06-15,Senate,D,2023-05-10,VZ,Sale,"$100,001 - $250,000",
John Hickenlooper,2023-06-15,Senate,D,2023-05-10,AMT,Sale,"$100,001 - $250,000",
John Hickenlooper,2023-06-15,Senate,D,2023-05-10,INTC,Sale,"$100,001 - $250,000",
Tommy Tuberville,2023-06-15,Senate,R,2023-05-25,CLF,Sale,"$1,001 - $15,000",
Tommy Tuberville,2023-06-15,Senate,R,2023-05-25,CLF,Sale,"$1,001 - $15,000",
Tommy Tuberville,2023-06-15,Senate,R,2023-05-25,CLF,Purchase,"$15,001 - $50,000",
Tommy Tuberville,2023-06-15,Senate,R,2023-05-25,CLF,Sale,"$1,001 - $15,000",
Tommy Tuberville,2023-06-15,Senate,R,2023-05-24,V,Purchase,"$1,001 - $15,000",
Tommy Tuberville,2023-06-15,Senate,R,2023-05-24,V,Purchase,"$1,001 - $15,000",
Tommy Tuberville,2023-06-15,Senate,R,2023-05-24,CLF,Purchase,"$1,001 - $15,000",
Tommy Tuberville,2023-06-15,Senate,R,2023-05-23,PYPL,Sale,"$15,001 - $50,000",
Tommy Tuberville,2023-06-15,Senate,R,2023-05-23,PYPL,Sale,"$50,001 - $100,000",
Tommy Tuberville,2023-06-15,Senate,R,2023-05-23,PYPL,Sale,"$15,001 - $50,000",
Tommy Tuberville,2023-06-15,Senate,R,2023-05-23,PYPL,Sale,"$100,001 - $250,000",
Tommy Tuberville,2023-06-15,Senate,R,2023-05-23,PYPL,Sale,"$1,001 - $15,000",
Tommy Tuberville,2023-06-15,Senate,R,2023-05-22,OXY,Purchase,"$15,001 - $50,000",
Tommy Tuberville,2023-06-15,Senate,R,2023-05-22,OXY,Sale,"$1,001 - $15,000",
Tommy Tuberville,2023-06-15,Senate,R,2023-05-19,OXY,Sale,"$1,001 - $15,000",
Tommy Tuberville,2023-06-15,Senate,R,2023-05-19,AAPL,Sale,"$1,001 - $15,000",
Tommy Tuberville,2023-06-15,Senate,R,2023-05-19,X,Sale,"$1,001 - $15,000",
Tommy Tuberville,2023-06-15,Senate,R,2023-05-19,OXY,Sale,"$1,001 - $15,000",
Tommy Tuberville,2023-06-15,Senate,R,2023-05-18,CLF,Sale,"$1,001 - $15,000",
Tommy Tuberville,2023-06-15,Senate,R,2023-05-17,CLX,Sale,"$1,001 - $15,000",
Tommy Tuberville,2023-06-15,Senate,R,2023-05-17,CLF,Sale,"$1,001 - $15,000",
Tommy Tuberville,2023-06-15,Senate,R,2023-05-17,CLF,Sale,"$1,001 - $15,000",
Tommy Tuberville,2023-06-15,Senate,R,2023-05-17,F,Sale,"$1,001 - $15,000",
Tommy Tuberville,2023-06-15,Senate,R,2023-05-17,CLX,Sale,"$1,001 - $15,000",
Tommy Tuberville,2023-06-15,Senate,R,2023-05-11,PYPL,Purchase,"$250,001 - $500,000",
Tommy Tuberville,2023-06-15,Senate,R,2023-05-10,PYPL,Purchase,"$250,001 - $500,000",
Tommy Tuberville,2023-06-15,Senate,R,2023-05-08,CFG,Purchase,"$1,001 - $15,000",
Tommy Tuberville,2023-06-15,Senate,R,2023-05-08,CLX,Sale,"$1,001 - $15,000",
Tommy Tuberville,2023-06-15,Senate,R,2023-05-08,KEY,Purchase,"$1,001 - $15,000",
Tommy Tuberville,2023-06-15,Senate,R,2023-05-08,PG,Sale,"$1,001 - $15,000",
Tommy Tuberville,2023-06-15,Senate,R,2023-05-08,WBA,Purchase,"$1,001 - $15,000",
Tommy Tuberville,2023-06-15,Senate,R,2023-05-08,FITB,Purchase,"$1,001 - $15,000",
Tommy Tuberville,2023-06-15,Senate,R,2023-05-08,GOLD,Sale,"$1,001 - $15,000",
Tommy Tuberville,2023-06-15,Senate,R,2023-05-08,RF,Purchase,"$1,001 - $15,000",
Tommy Tuberville,2023-06-15,Senate,R,2023-05-08,X,Sale,"$1,001 - $15,000",
Tommy Tuberville,2023-06-15,Senate,R,2023-05-08,PG,Sale,"$1,001 - $15,000",
Tommy Tuberville,2023-06-15,Senate,R,2023-05-08,CLX,Sale,"$1,001 - $15,000",
Tommy Tuberville,2023-06-15,Senate,R,2023-05-08,NU,Purchase,"$15,001 - $50,000",
Tommy Tuberville,2023-06-15,Senate,R,2023-05-08,FGBI,Purchase,"$1,001 - $15,000",
Tommy Tuberville,2023-06-15,Senate,R,2023-05-08,QCOM,Purchase,"$1,001 - $15,000",
Tommy Tuberville,2023-06-15,Senate,R,2023-05-08,GOLD,Sale,"$1,001 - $15,000",
Tommy Tuberville,2023-06-15,Senate,R,2023-05-08,PG,Sale,"$1,001 - $15,000",
Shelley Moore Capito,2023-06-14,Senate,R,2023-05-10,BMY,Sale,"$1,001 - $15,000",
Shelley Moore Capito,2023-06-14,Senate,R,2023-05-10,XOM,Sale,"$1,001 - $15,000",
Shelley Moore Capito,2023-06-14,Senate,R,2023-05-10,C,Sale,"$1,001 - $15,000",
A. Mitchell Jr. McConnell,2023-06-14,Senate,R,2023-06-05,WFC,Purchase,"$1,001 - $15,000",
Sheldon Whitehouse,2023-05-17,Senate,D,2023-04-18,ESS,Sale,"$1,001 - $15,000",
Sheldon Whitehouse,2023-05-17,Senate,D,2023-04-18,ESS,Sale,"$1,001 - $15,000",
John Hickenlooper,2023-05-15,Senate,D,2023-05-01,CMG,Sale,"$100,001 - $250,000",
John Hickenlooper,2023-05-15,Senate,D,2023-04-28,BABA,Sale,"$1,001 - $15,000",
John Hickenlooper,2023-05-15,Senate,D,2023-04-28,PTON,Sale,"$1,001 - $15,000",
John Hickenlooper,2023-05-15,Senate,D,2023-04-28,CCCS,Sale,"$15,001 - $50,000",
John Hickenlooper,2023-05-15,Senate,D,2023-04-28,CMCSA,Sale,"$15,001 - $50,000",
John Hickenlooper,2023-05-15,Senate,D,2023-04-28,TTD,Sale,"$15,001 - $50,000",
John Hickenlooper,2023-05-15,Senate,D,2023-04-28,DIS,Sale,"$15,001 - $50,000",
John Hickenlooper,2023-05-15,Senate,D,2023-04-28,AMZN,Sale,"$15,001 - $50,000",
John Hickenlooper,2023-05-15,Senate,D,2023-04-28,PINS,Sale,"$1,001 - $15,000",
John Hickenlooper,2023-05-15,Senate,D,2023-04-28,SNAP,Sale,"$1,001 - $15,000",
John Hickenlooper,2023-05-15,Senate,D,2023-04-12,CARG,Sale,"$1,001 - $15,000",
John Hickenlooper,2023-05-15,Senate,D,2023-04-12,BBY,Sale,"$1,001 - $15,000",
Shelley Moore Capito,2023-05-15,Senate,R,2023-04-04,DUK,Sale,"$15,001 - $50,000",
Shelley Moore Capito,2023-05-15,Senate,R,2023-04-04,UPS,Sale,"$1,001 - $15,000",
Shelley Moore Capito,2023-05-15,Senate,R,2023-04-04,MCD,Sale,"$1,001 - $15,000",
Tommy Tuberville,2023-05-11,Senate,R,2023-04-28,CLF,Sale,"$1,001 - $15,000",
Tommy Tuberville,2023-05-11,Senate,R,2023-04-28,F,Purchase,"$15,001 - $50,000",
Tommy Tuberville,2023-05-11,Senate,R,2023-04-28,CLF,Sale,"$1,001 - $15,000",
Tommy Tuberville,2023-05-11,Senate,R,2023-04-28,CLF,Sale,"$1,001 - $15,000",
Tommy Tuberville,2023-05-11,Senate,R,2023-04-28,CLF,Sale,"$1,001 - $15,000",
Tommy Tuberville,2023-05-11,Senate,R,2023-04-28,CLF,Sale,"$1,001 - $15,000",
Tommy Tuberville,2023-05-11,Senate,R,2023-04-27,F,Purchase,"$100,001 - $250,000",
Tommy Tuberville,2023-05-11,Senate,R,2023-04-26,F,Purchase,"$15,001 - $50,000",
Tommy Tuberville,2023-05-11,Senate,R,2023-04-26,ATVI,Sale,"$100,001 - $250,000",
Tommy Tuberville,2023-05-11,Senate,R,2023-04-24,CLF,Sale,"$1,001 - $15,000",
Tommy Tuberville,2023-05-11,Senate,R,2023-04-24,X,Sale,"$50,001 - $100,000",
Tommy Tuberville,2023-05-11,Senate,R,2023-04-24,CLF,Sale,"$1,001 - $15,000",
Tommy Tuberville,2023-05-11,Senate,R,2023-04-24,CLF,Sale,"$1,001 - $15,000",
Tommy Tuberville,2023-05-11,Senate,R,2023-04-24,X,Sale,"$100,001 - $250,000",
Tommy Tuberville,2023-05-11,Senate,R,2023-04-24,CLF,Purchase,"$15,001 - $50,000",
Tommy Tuberville,2023-05-11,Senate,R,2023-04-18,OXY,Sale,"$1,001 - $15,000",
Tommy Tuberville,2023-05-11,Senate,R,2023-04-14,MRO,Sale,"$1,001 - $15,000",
Tommy Tuberville,2023-05-11,Senate,R,2023-04-14,MMM,Purchase,"$1,001 - $15,000",
Tommy Tuberville,2023-05-11,Senate,R,2023-04-14,KMB,Sale,"$1,001 - $15,000",
Tommy Tuberville,2023-05-11,Senate,R,2023-04-10,HPQ,Sale,"$1,001 - $15,000",
Tommy Tuberville,2023-05-11,Senate,R,2023-04-10,PARA,Sale,"$1,001 - $15,000",
Tommy Tuberville,2023-05-11,Senate,R,2023-04-10,MDLZ,Sale,"$1,001 - $15,000",
Tommy Tuberville,2023-05-11,Senate,R,2023-04-10,KR,Sale,"$1,001 - $15,000",
Tommy Tuberville,2023-05-11,Senate,R,2023-04-04,TSLA,Sale,"$15,001 - $50,000",
Tommy Tuberville,2023-05-11,Senate,R,2023-04-03,VZ,Purchase,"$1,001 - $15,000",
Tommy Tuberville,2023-05-11,Senate,R,2023-04-03,SKY,Purchase,"$1,001 - $15,000",
Tommy Tuberville,2023-05-11,Senate,R,2023-04-03,RRC,Purchase,"$1,001 - $15,000",
Tommy Tuberville,2023-05-11,Senate,R,2023-04-03,GNTX,Purchase,"$1,001 - $15,000",
Tommy Tuberville,2023-05-11,Senate,R,2023-04-03,TXN,Sale,"$15,001 - $50,000",
Tommy Tuberville,2023-05-11,Senate,R,2023-04-03,ALLE,Sale,"$1,001 - $15,000",
Tommy Tuberville,2023-05-11,Senate,R,2023-04-03,PAM,Purchase,"$1,001 - $15,000",
Tommy Tuberville,2023-05-11,Senate,R,2023-04-03,MTD,Sale,"$1,001 - $15,000",
Tommy Tuberville,2023-05-11,Senate,R,2023-04-03,VCTR,Sale,"$1,001 - $15,000",
Tommy Tuberville,2023-05-11,Senate,R,2023-04-03,RH,Sale,"$1,001 - $15,000",
Tommy Tuberville,2023-05-11,Senate,R,2023-04-03,EW,Sale,"$1,001 - $15,000",
Tommy Tuberville,2023-05-11,Senate,R,2023-04-03,NSC,Purchase,"$1,001 - $15,000",
Tommy Tuberville,2023-05-11,Senate,R,2023-04-03,PHM,Sale,"$1,001 - $15,000",
Tommy Tuberville,2023-05-11,Senate,R,2023-04-03,TMO,Sale,"$1,001 - $15,000",
Tommy Tuberville,2023-05-11,Senate,R,2023-04-03,APH,Purchase,"$1,001 - $15,000",
Tommy Tuberville,2023-05-11,Senate,R,2023-04-03,GRMN,Purchase,"$1,001 - $15,000",
Tommy Tuberville,2023-05-11,Senate,R,2023-04-03,MPWR,Sale,"$1,001 - $15,000",
Tommy Tuberville,2023-05-11,Senate,R,2023-04-03,GSK,Purchase,"$1,001 - $15,000",
Tommy Tuberville,2023-05-11,Senate,R,2023-04-03,ABBV,Sale,"$1,001 - $15,000",
Tommy Tuberville,2023-05-11,Senate,R,2023-04-03,CSCO,Sale,"$15,001 - $50,000",
Tommy Tuberville,2023-05-11,Senate,R,2023-04-03,ANET,Sale,"$15,001 - $50,000",
Tommy Tuberville,2023-05-11,Senate,R,2023-04-03,REGN,Purchase,"$1,001 - $15,000",
Tommy Tuberville,2023-05-11,Senate,R,2023-04-03,FLT,Sale,"$1,001 - $15,000",
Tommy Tuberville,2023-05-11,Senate,R,2023-04-03,DIOD,Purchase,"$1,001 - $15,000",
Tommy Tuberville,2023-05-11,Senate,R,2023-04-03,CBSH,Purchase,"$1,001 - $15,000",
Tommy Tuberville,2023-05-11,Senate,R,2023-04-03,CRUS,Purchase,"$1,001 - $15,000",
Tommy Tuberville,2023-05-11,Senate,R,2023-04-03,AVGO,Purchase,"$1,001 - $15,000",
Tommy Tuberville,2023-05-11,Senate,R,2023-04-03,MMC,Sale,"$1,001 - $15,000",
Tommy Tuberville,2023-05-11,Senate,R,2023-04-03,META,Sale,"$1,001 - $15,000",
Tommy Tuberville,2023-05-11,Senate,R,2023-04-03,TSLA,Purchase,"$1,001 - $15,000",
Tommy Tuberville,2023-05-11,Senate,R,2023-04-03,MMM,Purchase,"$1,001 - $15,000",
Tommy Tuberville,2023-05-11,Senate,R,2023-04-03,MSFT,Sale,"$15,001 - $50,000",
Tommy Tuberville,2023-05-11,Senate,R,2023-04-03,IDXX,Purchase,"$1,001 - $15,000",
Tommy Tuberville,2023-05-11,Senate,R,2023-04-03,CROX,Sale,"$1,001 - $15,000",
Tommy Tuberville,2023-05-11,Senate,R,2023-04-03,NVDA,Purchase,"$1,001 - $15,000",
Tommy Tuberville,2023-05-11,Senate,R,2023-04-03,MCO,Sale,"$1,001 - $15,000",
Tommy Tuberville,2023-05-11,Senate,R,2023-04-03,MPWR,Sale,"$1,001 - $15,000",
Tommy Tuberville,2023-05-11,Senate,R,2023-04-03,MKSI,Sale,"$1,001 - $15,000",
Tommy Tuberville,2023-05-11,Senate,R,2023-04-03,NDSN,Purchase,"$1,001 - $15,000",
Tommy Tuberville,2023-05-11,Senate,R,2023-04-03,GFI,Sale,"$1,001 - $15,000",
Tommy Tuberville,2023-05-11,Senate,R,2023-04-03,TREX,Sale,"$1,001 - $15,000",
Tommy Tuberville,2023-05-11,Senate,R,2023-04-03,SSD,Purchase,"$1,001 - $15,000",
Tommy Tuberville,2023-05-11,Senate,R,2023-04-03,QSR,Purchase,"$1,001 - $15,000",
Tommy Tuberville,2023-05-11,Senate,R,2023-04-03,LMST,Sale,"$1,001 - $15,000",
Tommy Tuberville,2023-05-11,Senate,R,2023-04-03,ETSY,Sale,"$1,001 - $15,000",
Tommy Tuberville,2023-05-11,Senate,R,2023-04-03,ADSK,Purchase,"$1,001 - $15,000",
Tommy Tuberville,2023-05-11,Senate,R,2023-04-03,AMT,Sale,"$1,001 - $15,000",
Tommy Tuberville,2023-05-11,Senate,R,2023-04-03,XP,Purchase,"$1,001 - $15,000",
Tommy Tuberville,2023-05-11,Senate,R,2023-04-03,ITW,Sale,"$1,001 - $15,000",
Tommy Tuberville,2023-05-11,Senate,R,2023-04-03,SCI,Sale,"$1,001 - $15,000",
Tommy Tuberville,2023-05-11,Senate,R,2023-04-03,DQ,Sale,"$1,001 - $15,000",
Tammy Duckworth,2023-05-01,Senate,D,2023-04-11,ITW,Sale,"$15,001 - $50,000",
Thomas R. Carper,2023-05-01,Senate,D,2023-04-26,NVS,Purchase,"$1,001 - $15,000",
Thomas R. Carper,2023-05-01,Senate,D,2023-04-26,TMO,Sale,"$1,001 - $15,000",
Thomas R. Carper,2023-05-01,Senate,D,2023-04-20,FIMKX,Sale,"$1,001 - $15,000",
Thomas R. Carper,2023-05-01,Senate,D,2023-04-17,LGI,Sale,"$1,001 - $15,000",
Thomas R. Carper,2023-05-01,Senate,D,2023-04-17,VSH,Sale,"$1,001 - $15,000",
Thomas R. Carper,2023-05-01,Senate,D,2023-04-17,DIOD,Sale,"$1,001 - $15,000",
Thomas R. Carper,2023-05-01,Senate,D,2023-04-17,AVNT,Sale,"$1,001 - $15,000",
Thomas R. Carper,2023-05-01,Senate,D,2023-04-17,RTH,Sale,"$1,001 - $15,000",
Thomas R. Carper,2023-05-01,Senate,D,2023-04-17,SNDR,Sale,"$1,001 - $15,000",
Thomas R. Carper,2023-05-01,Senate,D,2023-04-17,ALGM,Sale,"$1,001 - $15,000",
Thomas R. Carper,2023-05-01,Senate,D,2023-04-17,DGRS,Sale,"$1,001 - $15,000",
Thomas R. Carper,2023-05-01,Senate,D,2023-04-17,JHMM,Sale,"$1,001 - $15,000",
Thomas R. Carper,2023-05-01,Senate,D,2023-04-17,SBIO,Sale,"$1,001 - $15,000",
Thomas R. Carper,2023-05-01,Senate,D,2023-04-17,MRVL,Sale,"$1,001 - $15,000",
Thomas R. Carper,2023-05-01,Senate,D,2023-04-17,FCPIX,Sale,"$1,001 - $15,000",
Thomas R. Carper,2023-05-01,Senate,D,2023-04-17,FDN,Sale,"$1,001 - $15,000",
Thomas R. Carper,2023-05-01,Senate,D,2023-04-17,BRKR,Sale,"$1,001 - $15,000",
Thomas R. Carper,2023-05-01,Senate,D,2023-04-13,CSCO,Sale,"$15,001 - $50,000",
Thomas R. Carper,2023-05-01,Senate,D,2023-04-13,UAA,Sale,"$1,001 - $15,000",
Thomas R. Carper,2023-05-01,Senate,D,2023-04-13,UA,Sale,"$1,001 - $15,000",
Dan Sullivan,2023-04-26,Senate,R,2023-03-17,WFC,Sale,"$1,001 - $15,000",
Tina Smith,2023-04-19,Senate,D,2023-04-05,MDT,Sale,"$100,001 - $250,000",
Tina Smith,2023-04-19,Senate,D,2023-04-05,CSII,Sale,"$50,001 - $100,000",
Tina Smith,2023-04-19,Senate,D,2023-04-05,CSII,Sale,"$50,001 - $100,000",
John Hickenlooper,2023-04-13,Senate,D,2023-03-20,FWONK,Sale,"$50,001 - $100,000",
John Hickenlooper,2023-04-13,Senate,D,2023-03-20,LSXMK,Sale,"$15,001 - $50,000",
John Hickenlooper,2023-04-13,Senate,D,2023-03-20,BATRK,Sale,"$15,001 - $50,000",
John Hickenlooper,2023-04-13,Senate,D,2023-03-20,LBRDK,Sale,"$15,001 - $50,000",
John Hickenlooper,2023-04-13,Senate,D,2023-03-20,LTRPA,Sale,"$1,001 - $15,000",
John Hickenlooper,2023-04-13,Senate,D,2023-03-15,NOK,Sale,"$1,001 - $15,000",
John Hickenlooper,2023-04-13,Senate,D,2023-03-08,FWONK,Sale,"$500,001 - $1,000,000",
John Hickenlooper,2023-04-13,Senate,D,2023-03-08,FWONK,Purchase,"$250,001 - $500,000",
Angus King,2023-04-13,Senate,I,2023-03-20,USB,Sale,"$1,001 - $15,000",
Gary Peters,2023-04-12,Senate,D,2023-03-14,O,Purchase,"$15,001 - $50,000",
Gary Peters,2023-04-12,Senate,D,2023-03-14,TFC,Purchase,"$1,001 - $15,000",
Gary Peters,2023-04-12,Senate,D,2023-03-13,NUE,Sale,"$50,001 - $100,000",
Tommy Tuberville,2023-04-12,Senate,R,2023-03-21,CLF,Purchase,"$50,001 - $100,000",
Tommy Tuberville,2023-04-12,Senate,R,2023-03-21,X,Sale,"$50,001 - $100,000",
Tommy Tuberville,2023-04-12,Senate,R,2023-03-21,X,Sale,"$50,001 - $100,000",
Tommy Tuberville,2023-04-12,Senate,R,2023-03-21,CLF,Sale,"$1,001 - $15,000",
Tommy Tuberville,2023-04-12,Senate,R,2023-03-21,X,Sale,"$1,001 - $15,000",
Tommy Tuberville,2023-04-12,Senate,R,2023-03-21,TSM,Purchase,"$1,001 - $15,000",
Tommy Tuberville,2023-04-12,Senate,R,2023-03-21,X,Sale,"$1,001 - $15,000",
Tommy Tuberville,2023-04-12,Senate,R,2023-03-21,CLF,Sale,"$1,001 - $15,000",
Tommy Tuberville,2023-04-12,Senate,R,2023-03-21,X,Sale,"$15,001 - $50,000",
Tommy Tuberville,2023-04-12,Senate,R,2023-03-21,X,Sale,"$15,001 - $50,000",
Tommy Tuberville,2023-04-12,Senate,R,2023-03-20,X,Sale,"$50,001 - $100,000",
Tommy Tuberville,2023-04-12,Senate,R,2023-03-10,KMB,Purchase,"$15,001 - $50,000",
Tommy Tuberville,2023-04-12,Senate,R,2023-03-06,BMO,Sale,"$1,001 - $15,000",
Tommy Tuberville,2023-04-12,Senate,R,2023-03-03,CLF,Sale,"$1,001 - $15,000",
Thomas R. Carper,2023-04-03,Senate,D,2023-03-07,AAPL,Sale,"$15,001 - $50,000",
A. Mitchell Jr. McConnell,2023-03-28,Senate,R,2023-03-03,WFC,Purchase,"$1,001 - $15,000",
Dan Sullivan,2023-03-16,Senate,R,2023-02-21,CHD,Purchase,"$1,001 - $15,000",
Dan Sullivan,2023-03-16,Senate,R,2023-02-10,SCHW,Sale,"$1,001 - $15,000",
Dan Sullivan,2023-03-16,Senate,R,2023-02-10,CHD,Purchase,"$1,001 - $15,000",
Dan Sullivan,2023-03-16,Senate,R,2023-02-10,GOOG,Purchase,"$1,001 - $15,000",
Thomas R. Carper,2023-03-01,Senate,D,2023-02-28,QCOM,Sale,"$1,001 - $15,000",
Thomas R. Carper,2023-03-01,Senate,D,2023-02-21,WM,Purchase,"$1,001 - $15,000",
Thomas R. Carper,2023-03-01,Senate,D,2023-02-21,BSM,Purchase,"$1,001 - $15,000",
Thomas R. Carper,2023-03-01,Senate,D,2023-02-21,SBUX,Sale,"$1,001 - $15,000",
Thomas R. Carper,2023-03-01,Senate,D,2023-02-21,AGX,Purchase,"$1,001 - $15,000",
Thomas R. Carper,2023-03-01,Senate,D,2023-02-21,VFH,Sale,"$1,001 - $15,000",
Thomas R. Carper,2023-03-01,Senate,D,2023-02-21,SQM,Purchase,"$1,001 - $15,000",
Thomas R. Carper,2023-03-01,Senate,D,2023-02-21,KBE,Sale,"$1,001 - $15,000",
Thomas R. Carper,2023-03-01,Senate,D,2023-02-21,TSM,Sale,"$1,001 - $15,000",
Thomas R. Carper,2023-03-01,Senate,D,2023-02-21,HASI,Purchase,"$1,001 - $15,000",
Thomas R. Carper,2023-03-01,Senate,D,2023-02-21,FPI,Purchase,"$1,001 - $15,000",
Thomas R. Carper,2023-03-01,Senate,D,2023-02-21,MOS,Purchase,"$1,001 - $15,000",
Thomas R. Carper,2023-03-01,Senate,D,2023-02-21,RTH,Sale,"$1,001 - $15,000",
Thomas R. Carper,2023-03-01,Senate,D,2023-02-21,APO,Sale,"$1,001 - $15,000",
Thomas R. Carper,2023-03-01,Senate,D,2023-02-21,IRM,Sale,"$1,001 - $15,000",
Thomas R. Carper,2023-03-01,Senate,D,2023-02-21,RTX,Purchase,"$1,001 - $15,000",
Thomas R. Carper,2023-03-01,Senate,D,2023-02-15,IVV,Purchase,"$1,001 - $15,000",
Thomas R. Carper,2023-03-01,Senate,D,2023-02-15,LDP,Sale,"$1,001 - $15,000",
Thomas R. Carper,2023-03-01,Senate,D,2023-02-15,JHMM,Sale,"$1,001 - $15,000",
Thomas R. Carper,2023-03-01,Senate,D,2023-02-15,VHT,Purchase,"$1,001 - $15,000",
Thomas R. Carper,2023-03-01,Senate,D,2023-02-15,LUBYX,Sale,"$15,001 - $50,000",
Thomas R. Carper,2023-03-01,Senate,D,2023-02-15,MBXIX,Sale,"$1,001 - $15,000",
Thomas R. Carper,2023-03-01,Senate,D,2023-02-15,IJR,Purchase,"$1,001 - $15,000",
Thomas R. Carper,2023-03-01,Senate,D,2023-02-15,GNR,Sale,"$1,001 - $15,000",
Thomas R. Carper,2023-03-01,Senate,D,2023-02-15,ABYIX,Sale,"$1,001 - $15,000",
Thomas R. Carper,2023-03-01,Senate,D,2023-02-15,SBIO,Sale,"$1,001 - $15,000",
Thomas R. Carper,2023-03-01,Senate,D,2023-02-15,CDL,Sale,"$1,001 - $15,000",
Thomas R. Carper,2023-03-01,Senate,D,2023-02-15,SPGP,Sale,"$1,001 - $15,000",
Thomas R. Carper,2023-03-01,Senate,D,2023-02-15,IWD,Purchase,"$1,001 - $15,000",
Tommy Tuberville,2023-02-14,Senate,R,2023-01-23,GOLD,Purchase,"$1,001 - $15,000",
Tommy Tuberville,2023-02-14,Senate,R,2023-01-18,CLF,Sale,"$1,001 - $15,000",
Tommy Tuberville,2023-02-14,Senate,R,2023-01-18,CLF,Purchase,"$100,001 - $250,000",
Tommy Tuberville,2023-02-14,Senate,R,2023-01-18,CLF,Sale,"$1,001 - $15,000",
Tommy Tuberville,2023-02-14,Senate,R,2023-01-13,UAA,Purchase,"$15,001 - $50,000",
Tommy Tuberville,2023-02-14,Senate,R,2023-01-12,CLF,Sale,"$1,001 - $15,000",
Tommy Tuberville,2023-02-14,Senate,R,2023-01-11,TXN,Sale,"$1,001 - $15,000",
Tommy Tuberville,2023-02-14,Senate,R,2023-01-11,AAPL,Sale,"$1,001 - $15,000",
Tommy Tuberville,2023-02-14,Senate,R,2023-01-11,V,Sale,"$1,001 - $15,000",
Tommy Tuberville,2023-02-14,Senate,R,2023-01-11,KO,Sale,"$1,001 - $15,000",
Tommy Tuberville,2023-02-14,Senate,R,2023-01-05,X,Sale,"$1,001 - $15,000",
Tommy Tuberville,2023-02-14,Senate,R,2023-01-05,X,Sale,"$1,001 - $15,000",
Tommy Tuberville,2023-02-14,Senate,R,2023-01-05,X,Sale,"$1,001 - $15,000",
Tommy Tuberville,2023-02-14,Senate,R,2023-01-05,X,Sale,"$15,001 - $50,000",
Tommy Tuberville,2023-02-14,Senate,R,2023-01-05,X,Purchase,"$1,001 - $15,000",
Tommy Tuberville,2023-02-14,Senate,R,2023-01-05,X,Sale,"$50,001 - $100,000",
Tommy Tuberville,2023-02-14,Senate,R,2023-01-05,CLF,Sale,"$15,001 - $50,000",
Tommy Tuberville,2023-02-14,Senate,R,2023-01-05,CLF,Sale,"$1,001 - $15,000",
Tommy Tuberville,2023-02-14,Senate,R,2023-01-05,CLF,Sale,"$1,001 - $15,000",
Tommy Tuberville,2023-02-14,Senate,R,2023-01-05,CLF,Sale,"$1,001 - $15,000",
Dan Sullivan,2023-02-13,Senate,R,2023-01-10,ULTA,Sale,"$1,001 - $15,000",
Dan Sullivan,2023-02-13,Senate,R,2023-01-10,JPM,Sale,"$1,001 - $15,000",
Dan Sullivan,2023-02-13,Senate,R,2023-01-10,PXD,Sale,"$1,001 - $15,000",
Dan Sullivan,2023-02-13,Senate,R,2023-01-10,ALGN,Purchase,"$1,001 - $15,000",
Dan Sullivan,2023-02-13,Senate,R,2023-01-10,AMZN,Purchase,"$1,001 - $15,000",
Dan Sullivan,2023-02-13,Senate,R,2023-01-10,CVS,Sale,"$1,001 - $15,000",
Dan Sullivan,2023-02-13,Senate,R,2023-01-10,ZTS,Purchase,"$1,001 - $15,000",
Dan Sullivan,2023-02-13,Senate,R,2023-01-10,BMY,Sale,"$1,001 - $15,000",
Dan Sullivan,2023-02-13,Senate,R,2023-01-10,BKNG,Sale,"$1,001 - $15,000",
Thomas R. Carper,2023-02-02,Senate,D,2023-01-31,RIO,Sale,"$1,001 - $15,000",
Thomas R. Carper,2023-02-02,Senate,D,2023-01-18,FPI,Purchase,"$1,001 - $15,000",
Thomas R. Carper,2023-02-02,Senate,D,2023-01-13,AQN,Sale,"$1,001 - $15,000",
Thomas R. Carper,2023-02-02,Senate,D,2023-01-11,CVS,Sale,"$1,001 - $15,000",
Thomas R. Carper,2023-02-02,Senate,D,2023-01-11,BHP,Purchase,"$1,001 - $15,000",
Thomas R. Carper,2023-02-02,Senate,D,2023-01-11,TU,Sale,"$1,001 - $15,000",
Thomas R. Carper,2023-02-02,Senate,D,2023-01-11,HOLX,Sale,"$1,001 - $15,000",
Thomas R. Carper,2023-02-02,Senate,D,2023-01-11,MCD,Sale,"$1,001 - $15,000",
Thomas R. Carper,2023-02-02,Senate,D,2023-01-11,MOO,Sale,"$1,001 - $15,000",
Thomas R. Carper,2023-02-02,Senate,D,2023-01-11,ATKR,Purchase,"$1,001 - $15,000",
Thomas R. Carper,2023-02-02,Senate,D,2023-01-11,SRVR,Sale,"$1,001 - $15,000",
Thomas R. Carper,2023-02-02,Senate,D,2023-01-11,EQNR,Purchase,"$1,001 - $15,000",
Thomas R. Carper,2023-02-02,Senate,D,2023-01-11,AXS,Sale,"$1,001 - $15,000",
Thomas R. Carper,2023-02-02,Senate,D,2023-01-11,CME,Purchase,"$1,001 - $15,000",
Thomas R. Carper,2023-02-02,Senate,D,2023-01-11,DLR,Purchase,"$1,001 - $15,000",
Thomas R. Carper,2023-02-02,Senate,D,2023-01-11,SAND,Purchase,"$1,001 - $15,000",
Thomas R. Carper,2023-02-02,Senate,D,2023-01-11,RMD,Sale,"$1,001 - $15,000",
Thomas R. Carper,2023-02-02,Senate,D,2023-01-11,AMT,Purchase,"$1,001 - $15,000",
Thomas R. Carper,2023-02-02,Senate,D,2023-01-11,BSM,Purchase,"$1,001 - $15,000",
Thomas R. Carper,2023-02-02,Senate,D,2023-01-11,URA,Purchase,"$1,001 - $15,000",
Thomas R. Carper,2023-02-02,Senate,D,2023-01-11,FLNG,Purchase,"$1,001 - $15,000",
Thomas R. Carper,2023-02-02,Senate,D,2023-01-04,MGM,Purchase,"$1,001 - $15,000",
Thomas R. Carper,2023-02-02,Senate,D,2023-01-04,MAXR,Sale,"$1,001 - $15,000",
Angus King,2023-01-18,Senate,I,2022-12-21,EA,Purchase,"$1,001 - $15,000",
Angus King,2023-01-18,Senate,I,2022-12-19,ADBE,Sale,"$1,001 - $15,000",
Shelley Moore Capito,2023-01-17,Senate,R,2022-12-15,VFC,Sale,"$1,001 - $15,000",
Maria Cantwell,2023-01-13,Senate,D,2022-12-28,RNWK,Sale,"$15,001 - $50,000",
Tommy Tuberville,2023-01-13,Senate,R,2022-12-23,GOLD,Purchase,"$15,001 - $50,000",
Tommy Tuberville,2023-01-13,Senate,R,2022-12-19,NU,Purchase,"$1,001 - $15,000",
Tommy Tuberville,2023-01-13,Senate,R,2022-12-15,DIS,Sale,"$15,001 - $50,000",
Tommy Tuberville,2023-01-13,Senate,R,2022-12-09,PYPL,Sale,"$1,001 - $15,000",
Tommy Tuberville,2023-01-13,Senate,R,2022-12-09,PYPL,Sale,"$1,001 - $15,000",
Tommy Tuberville,2023-01-13,Senate,R,2022-12-09,PYPL,Sale,"$1,001 - $15,000",
Tommy Tuberville,2023-01-13,Senate,R,2022-12-09,PYPL,Sale,"$15,001 - $50,000",
Tommy Tuberville,2023-01-13,Senate,R,2022-12-09,PYPL,Sale,"$100,001 - $250,000",
Tommy Tuberville,2023-01-13,Senate,R,2022-12-09,PG,Sale,"$1,001 - $15,000",
Tommy Tuberville,2023-01-13,Senate,R,2022-12-09,CLX,Sale,"$1,001 - $15,000",
Tommy Tuberville,2023-01-13,Senate,R,2022-12-09,PYPL,Sale,"$50,001 - $100,000",
Tommy Tuberville,2023-01-13,Senate,R,2022-12-09,PG,Sale,"$1,001 - $15,000",
Tommy Tuberville,2023-01-13,Senate,R,2022-12-09,PYPL,Sale,"$100,001 - $250,000",
Tommy Tuberville,2023-01-13,Senate,R,2022-12-09,KMB,Sale,"$1,001 - $15,000",
Tommy Tuberville,2023-01-13,Senate,R,2022-12-08,PYPL,Purchase,"$15,001 - $50,000",
Tommy Tuberville,2023-01-13,Senate,R,2022-12-06,GOLD,Purchase,"$50,001 - $100,000",
Tommy Tuberville,2023-01-13,Senate,R,2022-12-05,PYPL,Purchase,"$250,001 - $500,000",
Tommy Tuberville,2023-01-13,Senate,R,2022-12-02,QCOM,Sale,"$15,001 - $50,000",
Tommy Tuberville,2023-01-13,Senate,R,2022-12-02,QCOM,Sale,"$50,001 - $100,000",
Tommy Tuberville,2023-01-13,Senate,R,2022-12-01,GOLD,Purchase,"$1,001 - $15,000",
Tommy Tuberville,2023-01-13,Senate,R,2022-12-01,QCOM,Purchase,"$100,001 - $250,000",
Jacky Rosen,2023-01-11,Senate,D,2023-01-03,GE,Sale,"$1,001 - $15,000",
Jacky Rosen,2023-01-11,Senate,D,2023-01-03,GE,Sale,"$1,001 - $15,000",
Jacky Rosen,2023-01-11,Senate,D,2023-01-03,GE,Sale,"$1,001 - $15,000",
Jacky Rosen,2023-01-11,Senate,D,2023-01-03,GE,Sale,"$1,001 - $15,000",
Gary Peters,2023-01-10,Senate,D,2022-12-12,WBD,Sale,"$1,001 - $15,000",
Susan M. Collins,2023-01-10,Senate,R,2022-12-20,AKAM,Sale,"$15,001 - $50,000",
Robert J. Wittman,2023-01-05,Representatives,R,2023-12-07,MA,Purchase,"$1,001-$15,000",
Sheldon Whitehouse,2022-12-30,Senate,D,2022-11-29,C,Sale,"$1,001 - $15,000",
Sheldon Whitehouse,2022-12-30,Senate,D,2022-11-29,C,Sale,"$1,001 - $15,000",
A. Mitchell Jr. McConnell,2022-12-29,Senate,R,2022-12-05,WFC,Purchase,"$1,001 - $15,000",
A. Mitchell Jr. McConnell,2022-12-29,Senate,R,2022-11-29,KR,Purchase,"$1,001 - $15,000",
John Hickenlooper,2022-12-22,Senate,D,2022-12-14,FWONK,Purchase,"$50,001 - $100,000",
John Hickenlooper,2022-12-22,Senate,D,2022-12-05,LSXMK,Purchase,"$100,001 - $250,000",
John Hickenlooper,2022-12-22,Senate,D,2022-12-05,LSXMK,Sale,"$250,001 - $500,000",
John Hickenlooper,2022-12-22,Senate,D,2022-11-29,LBRDK,Purchase,"$50,001 - $100,000",
John Hickenlooper,2022-12-22,Senate,D,2022-11-29,LBRDK,Sale,"$50,001 - $100,000",
Dan Sullivan,2022-12-21,Senate,R,2022-11-30,SYK,Sale,"$1,001 - $15,000",
Dan Sullivan,2022-12-21,Senate,R,2022-11-30,PYPL,Sale,"$1,001 - $15,000",
Dan Sullivan,2022-12-21,Senate,R,2022-11-30,GOOG,Sale,"$1,001 - $15,000",
Dan Sullivan,2022-12-21,Senate,R,2022-11-30,META,Sale,"$1,001 - $15,000",
Dan Sullivan,2022-12-21,Senate,R,2022-11-30,ADBE,Sale,"$1,001 - $15,000",
Dan Sullivan,2022-12-21,Senate,R,2022-11-30,MDT,Sale,"$1,001 - $15,000",
Dan Sullivan,2022-12-21,Senate,R,2022-11-30,BAX,Sale,"$1,001 - $15,000",
Dan Sullivan,2022-12-21,Senate,R,2022-11-30,RPM,Sale,"$15,001 - $50,000",
Dan Sullivan,2022-12-21,Senate,R,2022-11-30,MLM,Sale,"$1,001 - $15,000",
Dan Sullivan,2022-12-21,Senate,R,2022-11-30,FFIV,Sale,"$1,001 - $15,000",
Dan Sullivan,2022-12-21,Senate,R,2022-11-30,CMCSA,Sale,"$1,001 - $15,000",
Dan Sullivan,2022-12-21,Senate,R,2022-11-30,ELAN,Sale,"$1,001 - $15,000",
Dan Sullivan,2022-12-21,Senate,R,2022-11-30,MSFT,Purchase,"$15,001 - $50,000",
Dan Sullivan,2022-12-21,Senate,R,2022-11-30,LRCX,Purchase,"$1,001 - $15,000",
Dan Sullivan,2022-12-21,Senate,R,2022-11-30,ZTS,Purchase,"$1,001 - $15,000",
Dan Sullivan,2022-12-21,Senate,R,2022-11-30,TJX,Purchase,"$1,001 - $15,000",
Dan Sullivan,2022-12-21,Senate,R,2022-11-30,TMO,Purchase,"$1,001 - $15,000",
Dan Sullivan,2022-12-21,Senate,R,2022-11-22,NVDA,Purchase,"$1,001 - $15,000",
Dan Sullivan,2022-12-21,Senate,R,2022-11-22,AMZN,Purchase,"$1,001 - $15,000",
Dan Sullivan,2022-12-21,Senate,R,2022-11-22,DIS,Purchase,"$1,001 - $15,000",
Dan Sullivan,2022-12-21,Senate,R,2022-11-22,DIS,Purchase,"$1,001 - $15,000",
Dan Sullivan,2022-12-21,Senate,R,2022-11-22,MSFT,Purchase,"$1,001 - $15,000",
Dan Sullivan,2022-12-21,Senate,R,2022-11-22,AAPL,Purchase,"$1,001 - $15,000",
Dan Sullivan,2022-12-21,Senate,R,2022-11-22,ADBE,Purchase,"$1,001 - $15,000",
Dan Sullivan,2022-12-21,Senate,R,2022-11-22,NVDA,Purchase,"$1,001 - $15,000",
Dan Sullivan,2022-12-21,Senate,R,2022-11-22,GOOG,Purchase,"$1,001 - $15,000",
Dan Sullivan,2022-12-21,Senate,R,2022-11-22,MSFT,Purchase,"$1,001 - $15,000",
Dan Sullivan,2022-12-21,Senate,R,2022-11-22,META,Purchase,"$1,001 - $15,000",
Dan Sullivan,2022-12-21,Senate,R,2022-11-22,GOOG,Purchase,"$1,001 - $15,000",
Dan Sullivan,2022-12-21,Senate,R,2022-11-22,AMZN,Purchase,"$1,001 - $15,000",
Dan Sullivan,2022-12-21,Senate,R,2022-11-22,ADBE,Purchase,"$1,001 - $15,000",
Dan Sullivan,2022-12-21,Senate,R,2022-11-22,META,Purchase,"$1,001 - $15,000",
Dan Sullivan,2022-12-21,Senate,R,2022-11-22,META,Purchase,"$1,001 - $15,000",
Dan Sullivan,2022-12-21,Senate,R,2022-11-22,AMZN,Purchase,"$1,001 - $15,000",
Dan Sullivan,2022-12-21,Senate,R,2022-11-22,AAPL,Purchase,"$1,001 - $15,000",
Dan Sullivan,2022-12-21,Senate,R,2022-11-22,DIS,Purchase,"$1,001 - $15,000",
Dan Sullivan,2022-12-21,Senate,R,2022-11-22,ADBE,Purchase,"$1,001 - $15,000",
Dan Sullivan,2022-12-21,Senate,R,2022-11-22,NVDA,Purchase,"$1,001 - $15,000",
Dan Sullivan,2022-12-21,Senate,R,2022-11-22,MSFT,Purchase,"$1,001 - $15,000",
Dan Sullivan,2022-12-21,Senate,R,2022-11-22,GOOG,Purchase,"$1,001 - $15,000",
Dan Sullivan,2022-12-21,Senate,R,2022-11-22,AAPL,Purchase,"$1,001 - $15,000",
Tommy Tuberville,2022-12-14,Senate,R,2022-11-23,MSFT,Purchase,"$1,001 - $15,000",
Tommy Tuberville,2022-12-14,Senate,R,2022-11-23,TSM,Sale,"$1,001 - $15,000",
Tommy Tuberville,2022-12-14,Senate,R,2022-11-23,TSM,Sale,"$1,001 - $15,000",
Tommy Tuberville,2022-12-14,Senate,R,2022-11-23,MSFT,Sale,"$15,001 - $50,000",
Tommy Tuberville,2022-12-14,Senate,R,2022-11-22,INTC,Sale,"$15,001 - $50,000",
Tommy Tuberville,2022-12-14,Senate,R,2022-11-22,F,Sale,"$100,001 - $250,000",
Tommy Tuberville,2022-12-14,Senate,R,2022-11-22,MSFT,Sale,"$100,001 - $250,000",
Tommy Tuberville,2022-12-14,Senate,R,2022-11-17,F,Purchase,"$100,001 - $250,000",
Tommy Tuberville,2022-12-14,Senate,R,2022-11-09,INTC,Purchase,"$100,001 - $250,000",
Tommy Tuberville,2022-12-14,Senate,R,2022-11-08,PYPL,Sale,"$100,001 - $250,000",
Tommy Tuberville,2022-12-14,Senate,R,2022-11-08,PYPL,Sale,"$50,001 - $100,000",
Tommy Tuberville,2022-12-14,Senate,R,2022-11-08,PYPL,Sale,"$1,001 - $15,000",
Tommy Tuberville,2022-12-14,Senate,R,2022-11-08,ATVI,Purchase,"$100,001 - $250,000",
Tommy Tuberville,2022-12-14,Senate,R,2022-11-08,PYPL,Sale,"$1,001 - $15,000",
Tommy Tuberville,2022-12-14,Senate,R,2022-11-08,X,Sale,"$1,001 - $15,000",
Ron Wyden,2022-12-11,Senate,D,2022-11-11,IRBT,Sale,"$15,001 - $50,000",
Ron Wyden,2022-12-11,Senate,D,2022-11-11,MMM,Sale,"$1,001 - $15,000",
Ron Wyden,2022-12-11,Senate,D,2022-11-11,SQ,Sale,"$15,001 - $50,000",
Ron Wyden,2022-12-11,Senate,D,2022-11-11,STX,Sale,"$15,001 - $50,000",
Ron Wyden,2022-12-11,Senate,D,2022-11-11,BALL,Sale,"$15,001 - $50,000",
Ron Wyden,2022-12-11,Senate,D,2022-11-11,WDAY,Sale,"$1,001 - $15,000",
Ron Wyden,2022-12-11,Senate,D,2022-11-11,FDX,Sale,"$50,001 - $100,000",
Ron Wyden,2022-12-11,Senate,D,2022-11-11,PYPL,Sale,"$100,001 - $250,000",
Ron Wyden,2022-12-11,Senate,D,2022-11-11,META,Sale,"$50,001 - $100,000",
Ron Wyden,2022-12-11,Senate,D,2022-11-11,MTCH,Sale,"$15,001 - $50,000",
Ron Wyden,2022-12-11,Senate,D,2022-11-11,COUP,Sale,"$15,001 - $50,000",
Ron Wyden,2022-12-11,Senate,D,2022-11-11,NFLX,Sale,"$50,001 - $100,000",
Ron Wyden,2022-12-11,Senate,D,2022-11-11,DIS,Sale,"$50,001 - $100,000",
Thomas R. Carper,2022-12-09,Senate,D,2022-11-29,WIW,Sale,"$1,001 - $15,000",
Thomas R. Carper,2022-12-09,Senate,D,2022-11-29,GBIL,Purchase,"$1,001 - $15,000",
Thomas R. Carper,2022-12-09,Senate,D,2022-11-29,WIW,Sale,"$1,001 - $15,000",
Thomas R. Carper,2022-12-09,Senate,D,2022-11-29,GBIL,Purchase,"$1,001 - $15,000",
Thomas R. Carper,2022-12-09,Senate,D,2022-11-29,WIW,Sale,"$15,001 - $50,000",
Thomas R. Carper,2022-12-09,Senate,D,2022-11-15,GBIL,Purchase,"$15,001 - $50,000",
Thomas R. Carper,2022-12-09,Senate,D,2022-11-08,LUBYX,Sale,"$1,001 - $15,000",
Thomas R. Carper,2022-12-09,Senate,D,2022-11-08,WIW,Sale,"$1,001 - $15,000",
John Hickenlooper,2022-11-29,Senate,D,2022-11-23,BATRK,Purchase,"$50,001 - $100,000",
John Hickenlooper,2022-11-29,Senate,D,2022-11-23,BATRK,Sale,"$100,001 - $250,000",
John Hickenlooper,2022-11-29,Senate,D,2022-11-21,BATRA,Sale,"$15,001 - $50,000",
John Hickenlooper,2022-11-29,Senate,D,2022-11-21,BATRA,Purchase,"$1,001 - $15,000",
John Hickenlooper,2022-11-29,Senate,D,2022-11-21,BATRK,Sale,"$15,001 - $50,000",
John Hickenlooper,2022-11-29,Senate,D,2022-11-21,BATRK,Purchase,"$1,001 - $15,000",
John Hickenlooper,2022-11-29,Senate,D,2022-11-14,LBRDA,Sale,"$50,001 - $100,000",
John Hickenlooper,2022-11-29,Senate,D,2022-11-14,LBRDA,Purchase,"$15,001 - $50,000",
